X,Y,state,source
35.08453,31.52944,PAL,phone code
35.30086,32.45943,PAL,phone code
34.31935,31.33134,PAL,phone code
35.25629,32.22149,PAL,phone code
35.16256,31.92011,PAL,phone code
35.30994,32.60115,IL,phone code
35.2327,31.26287,IL,phone code
35.1797,32.10524,IL,phone code
34.66736,31.78476,IL,phone code
34.57685,31.67302,IL,phone code
34.78657,31.25269,IL,phone code
35.50022,32.49691,IL,phone code
34.83707,32.08715,IL,phone code
35.28847,32.91317,IL,phone code
35.02719,31.06086,IL,phone code
34.93014,29.567,IL,phone code
34.88002,32.27174,IL,phone code
34.80593,32.05939,IL,phone code
34.93205,32.46954,IL,phone code
35.00707,32.777,IL,phone code
34.82363,32.17451,IL,phone code
34.8904,32.15623,IL,phone code
34.77835,32.00954,IL,phone code
35.18883,31.77506,IL,phone code
34.98644,32.47989,IL,phone code
34.9272,32.18474,IL,phone code
35.11566,32.80522,IL,phone code
35.09107,32.84146,IL,phone code
34.76482,31.60385,IL,phone code
34.73955,31.72898,IL,phone code
35.07891,32.82414,IL,phone code
34.85326,32.0555,IL,phone code
35.57329,33.20775,IL,phone code
35.13153,32.71918,IL,phone code
35.0784,32.85105,IL,phone code
34.90793,31.95169,IL,phone code
35.27044,33.0225,IL,phone code
35.0986,33.00244,IL,phone code
34.87498,32.3121,IL,phone code
34.57607,31.42577,IL,phone code
34.92119,32.5,IL,phone code
34.872,32.08049,IL,phone code
34.86736,32.18444,IL,phone code
34.81641,32.08347,IL,phone code
34.83417,32.12778,IL,phone code
34.81146,31.88275,IL,phone code
34.77329,31.98216,IL,phone code
34.96834,32.09368,IL,phone code
35.50149,32.97663,IL,phone code
34.7513,32.04333,IL,phone code
35.51937,32.79301,IL,phone code
34.73917,31.87566,IL,phone code
34.8097343,32.1625824,IL,postal code
34.783393,30.8508662,IL,postal code
34.6447099,31.7906265,IL,postal code
34.9618421,29.5513504,IL,postal code
35.1901787,31.6938864,PAL,postal code
35.2380834,32.2225228,IL,postal code
35.2146235,31.9222926,PAL,postal code
35.2026931,31.904515,IL,postal code
35.182513,31.9524851,PAL,postal code
35.2013377,31.9051001,PAL,postal code
35.1972077,31.8903687,IL,postal code
34.9642656,32.1931331,IL,postal code
34.9638073,32.1802827,IL,postal code
35.0517086,32.3860657,PAL,postal code
35.115884,32.3319437,PAL,postal code
35.0290888,32.3021437,IL,postal code
35.117361,32.3058518,PAL,postal code
35.3611237,31.1930118,IL,postal code
35.0668918,32.9200962,IL,postal code
35.5865861,31.7141756,IL,postal code
34.8593569,32.332916,IL,postal code
34.9914184,32.7691402,IL,postal code
34.4525538,31.5155154,PAL,postal code
34.44806,31.5243976,PAL,postal code
34.9610792,29.5543927,IL,postal code
34.7902994,32.0707047,IL,postal code
35.215317,31.7801333,PAL,postal code
34.85496,32.0335719,IL,postal code
34.8544235,32.0329388,IL,postal code
34.8543915,32.0328256,IL,postal code
34.854368,32.0327304,IL,postal code
34.8543385,32.0326127,IL,postal code
34.8543121,32.0325131,IL,postal code
34.8545606,32.0334324,IL,postal code
34.8545286,32.0333215,IL,postal code
34.8544997,32.0332287,IL,postal code
34.8544761,32.0331336,IL,postal code
34.8544498,32.0330339,IL,postal code
34.8546131,32.0336226,IL,postal code
34.8545896,32.033532,IL,postal code
35.2257024,31.785248,PAL,postal code
34.9926738,32.7671287,IL,postal code
34.9860415,32.8072883,IL,postal code
35.0329921,32.1156278,IL,postal code
35.2193816,31.7728409,PAL,postal code
35.2180579,31.7744108,PAL,postal code
35.367458,31.1644457,IL,postal code
35.5433436,32.869846,IL,postal code
35.5493421,32.8736601,IL,postal code
34.7963224,32.1034077,IL,postal code
34.7647194,32.0178278,IL,postal code
35.2974689,32.4607106,PAL,postal code
35.2264353,31.6996166,PAL,postal code
34.7923922,32.0744838,IL,postal code
34.8663273,32.3375065,IL,postal code
34.8662251,32.3373105,IL,postal code
35.2311151,31.7855664,PAL,postal code
34.9271039,32.202492,IL,postal code
35.1995836,31.9021164,IL,postal code
34.7919866,32.0752574,IL,postal code
34.789469,32.0730758,IL,postal code
34.7896022,32.0729414,IL,postal code
34.7895488,32.0728665,IL,postal code
34.7895542,32.0727665,IL,postal code
34.7895895,32.0728295,IL,postal code
34.7863811,32.07048,IL,postal code
35.1999663,31.8923404,IL,postal code
34.7747134,32.0781744,IL,postal code
35.2173753,31.7830364,PAL,postal code
34.763705,32.0177253,IL,postal code
34.7795378,32.0898978,IL,postal code
34.7792266,32.0899705,IL,postal code
34.9527848,29.5472869,IL,postal code
34.9521625,29.5475482,IL,postal code
35.1984346,31.9059024,IL,postal code
34.7766833,32.0764281,IL,postal code
34.8003791,32.0152879,IL,postal code
34.8002527,32.0151478,IL,postal code
34.800336,32.0152375,IL,postal code
34.8004521,32.0153574,IL,postal code
35.575259,33.20202,IL,postal code
35.581498,33.213468,IL,postal code
35.581806,33.216694,IL,postal code
35.57206,33.21075,IL,postal code
35.575372,33.204903,IL,postal code
35.568284,33.215618,IL,postal code
35.538134,32.968198,IL,postal code
35.568824,33.217264,IL,postal code
35.577895,33.277776,IL,postal code
35.574812,33.207806,IL,postal code
35.574338,33.208616,IL,postal code
35.575848,33.202998,IL,postal code
35.576637,33.200427,IL,postal code
35.571541,33.211105,IL,postal code
34.764102,32.06448,IL,postal code
34.764723,32.065107,IL,postal code
35.570878,33.200329,IL,postal code
35.575858,33.199581,IL,postal code
35.576555,33.218302,IL,postal code
35.56862,33.222023,IL,postal code
35.568171,33.220316,IL,postal code
35.568481,33.228873,IL,postal code
35.57013,33.227541,IL,postal code
35.570378,33.227656,IL,postal code
35.56711,33.227868,IL,postal code
35.567357,33.227847,IL,postal code
35.57737,33.215711,IL,postal code
35.577631,33.216378,IL,postal code
35.577381,33.218157,IL,postal code
35.577374,33.217758,IL,postal code
35.576985,33.211129,IL,postal code
35.569473,33.220696,IL,postal code
34.765502,32.065898,IL,postal code
34.766098,32.066363,IL,postal code
34.763649,32.063276,IL,postal code
35.568857,33.205237,IL,postal code
35.575328,33.203086,IL,postal code
35.575329,33.200857,IL,postal code
35.573792,33.218649,IL,postal code
35.573676,33.218594,IL,postal code
35.570443,33.213395,IL,postal code
35.570614,33.212637,IL,postal code
35.570756,33.217544,IL,postal code
34.8128322,31.8987868,IL,postal code
34.8884577,32.0880557,IL,postal code
34.8058583,31.9127978,IL,postal code
34.8092052,32.1620068,IL,postal code
34.8104238,31.9831133,IL,postal code
34.8219442,31.8978903,IL,postal code
34.7482581,32.0275778,IL,postal code
34.7646623,32.0178783,IL,postal code
34.7482219,32.027645,IL,postal code
34.7620752,32.0588271,IL,postal code
35.2169301,31.7816994,PAL,postal code
34.9527651,29.5581631,IL,postal code
34.6510005,31.7857247,IL,postal code
34.8343845,32.0709553,IL,postal code
35.2460184,32.9291614,IL,postal code
35.575168,33.201238,IL,postal code
34.9640589,32.7910694,IL,postal code
34.7916661,32.0781738,IL,postal code
34.752196,32.054657,IL,postal code
34.7761504,32.0630665,IL,postal code
34.793203,32.095076,IL,postal code
34.786229,32.052156,IL,postal code
34.782164,32.092327,IL,postal code
34.752557,32.034556,IL,postal code
34.774772,32.073353,IL,postal code
34.780602,32.089632,IL,postal code
34.767076,32.074558,IL,postal code
34.768453,32.063542,IL,postal code
34.767181,32.074783,IL,postal code
34.751555,32.052679,IL,postal code
34.78146,32.069919,IL,postal code
34.7739405,32.0188893,IL,postal code
34.7705798,32.0645717,IL,postal code
34.7662017,32.0760598,IL,postal code
34.2279393,31.2562276,IL,postal code
35.0263751,31.9441081,PAL,postal code
34.7895924,31.9360844,IL,postal code
34.6090873,31.7011453,IL,postal code
34.6077809,31.7011018,IL,postal code
34.6081539,31.7016701,IL,postal code
34.6081484,31.7014327,IL,postal code
34.6085588,31.7006843,IL,postal code
34.6071156,31.7011446,IL,postal code
34.6074702,31.7004874,IL,postal code
34.608964,31.701232,IL,postal code
34.6075585,31.7002279,IL,postal code
34.6084328,31.7015378,IL,postal code
34.6076902,31.7009116,IL,postal code
34.607899,31.7010494,IL,postal code
34.6090229,31.7009375,IL,postal code
34.6091489,31.7008348,IL,postal code
34.6093663,31.7009217,IL,postal code
34.6072771,31.7015052,IL,postal code
34.6079739,31.6999673,IL,postal code
34.6066436,31.7007841,IL,postal code
34.6074107,31.7003096,IL,postal code
34.6080331,31.7009923,IL,postal code
34.6066466,31.7005566,IL,postal code
34.6088269,31.7001499,IL,postal code
34.6089478,31.7003989,IL,postal code
34.6072658,31.7010079,IL,postal code
34.6078293,31.7015743,IL,postal code
34.6084381,31.7012821,IL,postal code
34.6081027,31.6998621,IL,postal code
34.609417,31.7006108,IL,postal code
34.6079984,31.701734,IL,postal code
34.6088297,31.7004926,IL,postal code
34.6094765,31.7008297,IL,postal code
34.6085884,31.7014464,IL,postal code
34.6072176,31.701373,IL,postal code
34.6081939,31.7000677,IL,postal code
34.6075609,31.7017699,IL,postal code
34.6074917,31.7012174,IL,postal code
34.6087546,31.7011042,IL,postal code
34.607636,31.701601,IL,postal code
34.6092376,31.7010312,IL,postal code
34.6069601,31.7007567,IL,postal code
34.6084462,31.7004583,IL,postal code
34.6088887,31.7010242,IL,postal code
34.6081833,31.7009262,IL,postal code
34.6084514,31.699876,IL,postal code
34.608328,31.6999762,IL,postal code
34.6087064,31.7005816,IL,postal code
34.6080651,31.7001588,IL,postal code
34.609283,31.7007345,IL,postal code
34.6071693,31.7006106,IL,postal code
34.6076896,31.7017929,IL,postal code
34.6096155,31.7007156,IL,postal code
34.608414,31.7007779,IL,postal code
34.6082207,31.6997663,IL,postal code
34.6071747,31.7007658,IL,postal code
34.6076495,31.7011544,IL,postal code
34.6087117,31.7002529,IL,postal code
34.6078479,31.7017843,IL,postal code
34.6075448,31.7009803,IL,postal code
34.6078404,31.7008388,IL,postal code
34.6068372,31.7007336,IL,postal code
34.6073946,31.7010353,IL,postal code
34.607599,31.7004326,IL,postal code
34.6080009,31.7015012,IL,postal code
34.607835,31.7000582,IL,postal code
34.6082988,31.7016062,IL,postal code
34.6090629,31.7002914,IL,postal code
34.6070835,31.7004374,IL,postal code
34.6070674,31.701017,IL,postal code
34.6085883,31.7003556,IL,postal code
34.6074327,31.7017197,IL,postal code
34.6070143,31.700889,IL,postal code
34.6088405,31.7013072,IL,postal code
34.6073463,31.7016238,IL,postal code
34.6082932,31.701362,IL,postal code
34.607242,31.7003831,IL,postal code
34.6074112,31.701318,IL,postal code
34.6073302,31.7005515,IL,postal code
34.6133557,31.7004677,IL,postal code
34.6142145,31.6993331,IL,postal code
34.6129707,31.6996803,IL,postal code
34.6135101,31.6996943,IL,postal code
34.6135539,31.7001128,IL,postal code
34.6141321,31.6992151,IL,postal code
34.6137274,31.7000065,IL,postal code
34.6133318,31.6998005,IL,postal code
34.6122164,31.6983969,IL,postal code
34.6127014,31.6993238,IL,postal code
34.6126617,31.6985488,IL,postal code
34.6129136,31.6987805,IL,postal code
34.6142741,31.6990416,IL,postal code
34.6131714,31.6998807,IL,postal code
34.6137924,31.6998941,IL,postal code
34.6126248,31.6992142,IL,postal code
34.6128991,31.7000388,IL,postal code
34.6127981,31.6986577,IL,postal code
34.6136475,31.7003003,IL,postal code
34.6123257,31.698848,IL,postal code
34.6121635,31.6985473,IL,postal code
34.6140107,31.6986734,IL,postal code
34.6133982,31.7001995,IL,postal code
34.6131354,31.6990636,IL,postal code
34.6134108,31.6994522,IL,postal code
34.6121148,31.6986828,IL,postal code
34.6125222,31.6990829,IL,postal code
34.6125284,31.6984544,IL,postal code
34.6133267,31.698202,IL,postal code
34.6132064,31.6981021,IL,postal code
34.6122769,31.6982633,IL,postal code
34.6146617,31.6995667,IL,postal code
34.6124226,31.6989832,IL,postal code
34.6123369,31.6981132,IL,postal code
34.6143953,31.6998777,IL,postal code
34.6147531,31.6996893,IL,postal code
34.6129354,31.6979025,IL,postal code
34.6128983,31.6995828,IL,postal code
34.6137986,31.700211,IL,postal code
34.6143132,31.6994691,IL,postal code
34.6143126,31.6996854,IL,postal code
34.614107,31.7000437,IL,postal code
34.6133345,31.699345,IL,postal code
34.6127411,31.6978083,IL,postal code
34.6123835,31.6979802,IL,postal code
34.6139544,31.7001267,IL,postal code
34.6148375,31.6998088,IL,postal code
34.6124432,31.6978143,IL,postal code
34.6143857,31.6995667,IL,postal code
34.6125009,31.6976828,IL,postal code
34.6121149,31.6989479,IL,postal code
34.6125663,31.6974655,IL,postal code
34.6122011,31.6990743,IL,postal code
34.6140201,31.6990681,IL,postal code
34.6125697,31.6982132,IL,postal code
34.6142618,31.6999532,IL,postal code
34.6126772,31.6983062,IL,postal code
34.6127193,31.6975365,IL,postal code
34.6122975,31.699168,IL,postal code
34.6139382,31.6989569,IL,postal code
34.6128362,31.6984141,IL,postal code
34.6128655,31.6976076,IL,postal code
34.6130045,31.6977019,IL,postal code
34.6129326,31.6985041,IL,postal code
34.6124202,31.6993075,IL,postal code
34.6138923,31.69973,IL,postal code
34.6131333,31.697787,IL,postal code
34.6136636,31.6997207,IL,postal code
34.612682,31.6996671,IL,postal code
34.6125127,31.6994406,IL,postal code
34.6120871,31.6988356,IL,postal code
34.613063,31.6979919,IL,postal code
34.6127649,31.699777,IL,postal code
34.6130602,31.6986255,IL,postal code
34.613145,31.6987225,IL,postal code
34.6132801,31.69789,IL,postal code
34.6135191,31.6980943,IL,postal code
34.6135162,31.6992097,IL,postal code
34.6136217,31.6981986,IL,postal code
34.6135513,31.6984465,IL,postal code
34.6124836,31.7000285,IL,postal code
34.613598,31.6993184,IL,postal code
34.613746,31.6983272,IL,postal code
34.6133888,31.6979846,IL,postal code
34.6136916,31.6994484,IL,postal code
34.6138351,31.6984412,IL,postal code
34.6130519,31.6989533,IL,postal code
34.6140823,31.6987727,IL,postal code
34.6137814,31.6995786,IL,postal code
34.6145528,31.6997925,IL,postal code
34.6134584,31.6983363,IL,postal code
34.6139602,31.6998168,IL,postal code
34.6143832,31.6991913,IL,postal code
34.6141904,31.698928,IL,postal code
34.6124341,31.6974063,IL,postal code
34.6144559,31.6992888,IL,postal code
34.6140793,31.6998101,IL,postal code
34.6145707,31.6994411,IL,postal code
34.61351,31.7003786,IL,postal code
34.6053051,31.7009415,IL,postal code
34.6054797,31.70138,IL,postal code
34.603508,31.6997191,IL,postal code
34.6037006,31.6997961,IL,postal code
34.6045771,31.7015008,IL,postal code
34.6050822,31.7000615,IL,postal code
34.6049002,31.7000287,IL,postal code
34.6045997,31.7012982,IL,postal code
34.6047238,31.6999912,IL,postal code
34.6038392,31.699875,IL,postal code
34.603983,31.6999423,IL,postal code
34.6042418,31.7014269,IL,postal code
34.6052562,31.7000852,IL,postal code
34.6042957,31.7000788,IL,postal code
34.6047479,31.7015334,IL,postal code
34.6041474,31.700014,IL,postal code
34.6038021,31.701061,IL,postal code
34.6042,31.699811,IL,postal code
34.6036458,31.7010027,IL,postal code
34.6043706,31.6998751,IL,postal code
34.6040475,31.6997323,IL,postal code
34.6046248,31.7001799,IL,postal code
34.605736,31.7011691,IL,postal code
34.6038882,31.6996349,IL,postal code
34.6047796,31.7002161,IL,postal code
34.6037529,31.6995641,IL,postal code
34.6049478,31.7002501,IL,postal code
34.604412,31.7014684,IL,postal code
34.6051189,31.7002775,IL,postal code
34.603462,31.6995257,IL,postal code
34.6061184,31.7009493,IL,postal code
34.6030182,31.700937,IL,postal code
34.6038372,31.7003653,IL,postal code
34.6031672,31.7010182,IL,postal code
34.60361,31.6995222,IL,postal code
34.6052848,31.7002914,IL,postal code
34.6026184,31.7006809,IL,postal code
34.6032017,31.6996422,IL,postal code
34.6054376,31.7003098,IL,postal code
34.6033259,31.6995664,IL,postal code
34.6057468,31.7013391,IL,postal code
34.6034759,31.7009356,IL,postal code
34.6057453,31.7005933,IL,postal code
34.6050876,31.7015712,IL,postal code
34.6047237,31.7006586,IL,postal code
34.6059327,31.7007257,IL,postal code
34.6027533,31.700081,IL,postal code
34.6029889,31.6998624,IL,postal code
34.6057652,31.7015946,IL,postal code
34.6059458,31.7015907,IL,postal code
34.605464,31.7007238,IL,postal code
34.6057274,31.7003282,IL,postal code
34.6056036,31.7015917,IL,postal code
34.6033325,31.7003456,IL,postal code
34.6032004,31.7002555,IL,postal code
34.6052704,31.7007358,IL,postal code
34.6031015,31.6997513,IL,postal code
34.6033164,31.7008599,IL,postal code
34.6050885,31.7007163,IL,postal code
34.6030113,31.7006856,IL,postal code
34.6027437,31.7004825,IL,postal code
34.6026423,31.7002031,IL,postal code
34.6049565,31.7013559,IL,postal code
34.6049144,31.7006926,IL,postal code
34.6034727,31.7004196,IL,postal code
34.6034691,31.7011537,IL,postal code
34.6028776,31.7008533,IL,postal code
34.6031603,31.7007756,IL,postal code
34.6033166,31.7010921,IL,postal code
34.6025267,31.7002937,IL,postal code
34.6057362,31.7010091,IL,postal code
34.6028656,31.7005898,IL,postal code
34.6039975,31.70044,IL,postal code
34.6036272,31.7012251,IL,postal code
34.6036181,31.7004958,IL,postal code
34.6057233,31.7000357,IL,postal code
34.6037691,31.7005651,IL,postal code
34.605434,31.7015887,IL,postal code
34.6036793,31.7002906,IL,postal code
34.6022226,31.7003993,IL,postal code
34.6053059,31.7013818,IL,postal code
34.6033498,31.7001102,IL,postal code
34.6039229,31.7006345,IL,postal code
34.6049216,31.7015523,IL,postal code
34.6040878,31.7006902,IL,postal code
34.6027423,31.7007671,IL,postal code
34.6032263,31.7000181,IL,postal code
34.6045431,31.7006144,IL,postal code
34.6058598,31.7009433,IL,postal code
34.6023484,31.7004866,IL,postal code
34.6037853,31.7012867,IL,postal code
34.6046388,31.7008499,IL,postal code
34.6047751,31.7013258,IL,postal code
34.6035215,31.7002063,IL,postal code
34.6052593,31.7015834,IL,postal code
34.6030655,31.7001677,IL,postal code
34.6048026,31.7008843,IL,postal code
34.604964,31.7009066,IL,postal code
34.6028737,31.6999758,IL,postal code
34.6024769,31.7005847,IL,postal code
34.6051431,31.700924,IL,postal code
34.6040711,31.7013764,IL,postal code
34.6051238,31.7013688,IL,postal code
34.605433,31.7000926,IL,postal code
34.6054646,31.7009516,IL,postal code
34.6015956,31.6986754,IL,postal code
34.6003644,31.699643,IL,postal code
34.6024297,31.6989675,IL,postal code
34.6002732,31.6986251,IL,postal code
34.6000078,31.6991158,IL,postal code
34.6022619,31.6980376,IL,postal code
34.601735,31.6985909,IL,postal code
34.6007909,31.6998871,IL,postal code
34.6002411,31.6993304,IL,postal code
34.6014132,31.6982098,IL,postal code
34.6008794,31.6992893,IL,postal code
34.6015822,31.6988945,IL,postal code
34.6004584,31.699303,IL,postal code
34.601448,31.6995312,IL,postal code
34.6018826,31.6985019,IL,postal code
34.6017243,31.6988124,IL,postal code
34.6020328,31.6984153,IL,postal code
34.6006031,31.6992254,IL,postal code
34.6018638,31.698737,IL,postal code
34.6020757,31.6978447,IL,postal code
34.6005763,31.69868,IL,postal code
34.6004261,31.6987644,IL,postal code
34.6020059,31.6986526,IL,postal code
34.6008419,31.6983172,IL,postal code
34.600284,31.6988557,IL,postal code
34.600587,31.6984518,IL,postal code
34.6009867,31.6997502,IL,postal code
34.6021588,31.6985704,IL,postal code
34.6019416,31.6978082,IL,postal code
34.6004395,31.6985408,IL,postal code
34.6018101,31.6978037,IL,postal code
34.6001337,31.698931,IL,postal code
34.6016868,31.697834,IL,postal code
34.6023063,31.698486,IL,postal code
34.6015473,31.697904,IL,postal code
34.602175,31.6983217,IL,postal code
34.601389,31.6979926,IL,postal code
34.6019309,31.6979908,IL,postal code
34.6012576,31.6980707,IL,postal code
34.600976,31.6982349,IL,postal code
34.6005147,31.6997252,IL,postal code
34.6011128,31.6981528,IL,postal code
34.6006569,31.6998119,IL,postal code
34.6005549,31.6994947,IL,postal code
34.6021829,31.6993167,IL,postal code
34.602757,31.6988762,IL,postal code
34.6007319,31.6993761,IL,postal code
34.602765,31.6987575,IL,postal code
34.6010269,31.6992048,IL,postal code
34.6024807,31.6991432,IL,postal code
34.6026068,31.6990725,IL,postal code
34.5998092,31.6989767,IL,postal code
34.5997743,31.6990862,IL,postal code
34.6027033,31.698979,IL,postal code
34.600925,31.6999237,IL,postal code
34.6010645,31.6999192,IL,postal code
34.5997931,31.6992163,IL,postal code
34.5998575,31.6993166,IL,postal code
34.6011906,31.6998849,IL,postal code
34.6013194,31.6998141,IL,postal code
34.6026953,31.6985932,IL,postal code
34.5999782,31.6994057,IL,postal code
34.6001177,31.6994855,IL,postal code
34.6014695,31.6997229,IL,postal code
34.600756,31.6991318,IL,postal code
34.6023251,31.6992368,IL,postal code
34.6008902,31.6990587,IL,postal code
34.600131,31.69871,IL,postal code
34.6010431,31.6989698,IL,postal code
34.5999969,31.6987872,IL,postal code
34.5998736,31.6988625,IL,postal code
34.6014534,31.698753,IL,postal code
34.6012737,31.6982851,IL,postal code
34.6017511,31.6995677,IL,postal code
34.601896000000004,31.6994833,IL,postal code
34.6020435,31.6993989,IL,postal code
34.6012952,31.6996179,IL,postal code
34.6017028,31.6980524,IL,postal code
34.6022822,31.6990542,IL,postal code
34.6025638,31.6988352,IL,postal code
34.6021347,31.6991364,IL,postal code
34.601845,31.6993075,IL,postal code
34.6015554,31.69813,IL,postal code
34.6019925,31.6992209,IL,postal code
34.6011476,31.6996977,IL,postal code
34.6011127,31.6983787,IL,postal code
34.6007239,31.6986001,IL,postal code
34.6032097,31.6969508,IL,postal code
34.6044953,31.6974866,IL,postal code
34.6036155,31.6967279,IL,postal code
34.6036359,31.6974896,IL,postal code
34.6049912,31.6981366,IL,postal code
34.6045566,31.6979377,IL,postal code
34.6048926,31.6971707,IL,postal code
34.6046218,31.6982107,IL,postal code
34.6037864,31.6966755,IL,postal code
34.604666,31.6976904,IL,postal code
34.6044151,31.6974036,IL,postal code
34.6044482,31.6982527,IL,postal code
34.6053111,31.6978135,IL,postal code
34.6038884,31.6984441,IL,postal code
34.6047631,31.6970603,IL,postal code
34.605093,31.6970661,IL,postal code
34.6049869,31.6969598,IL,postal code
34.6034915,31.6967833,IL,postal code
34.6044264,31.6968882,IL,postal code
34.6039313,31.6966523,IL,postal code
34.6053748,31.6974422,IL,postal code
34.6053042,31.6973264,IL,postal code
34.6047363,31.6978084,IL,postal code
34.6038062,31.696878,IL,postal code
34.6052657,31.6976935,IL,postal code
34.6045806,31.6967182,IL,postal code
34.6058843,31.698047,IL,postal code
34.6030968,31.6972819,IL,postal code
34.6036681,31.6984158,IL,postal code
34.6037387,31.6974215,IL,postal code
34.604593,31.6969528,IL,postal code
34.6028817,31.6969684,IL,postal code
34.6047428,31.6967939,IL,postal code
34.6047967,31.6979295,IL,postal code
34.6055095,31.6980683,IL,postal code
34.6057103,31.6980514,IL,postal code
34.6038948,31.6973336,IL,postal code
34.6049353,31.6979531,IL,postal code
34.6037817,31.6981281,IL,postal code
34.6034724,31.6970403,IL,postal code
34.6042805,31.6983048,IL,postal code
34.6040097,31.697297,IL,postal code
34.6040449,31.6983817,IL,postal code
34.604024,31.6968469,IL,postal code
34.6053427,31.6980828,IL,postal code
34.6042514,31.6966509,IL,postal code
34.6048593,31.6968653,IL,postal code
34.6041078,31.6981391,IL,postal code
34.6052507,31.6978939,IL,postal code
34.6044779,31.6980361,IL,postal code
34.6051726,31.6975303,IL,postal code
34.6035828,31.6978888,IL,postal code
34.6044799,31.6978162,IL,postal code
34.6054603,31.6975916,IL,postal code
34.6055118,31.6977041,IL,postal code
34.6057373,31.6978633,IL,postal code
34.6051023,31.6974192,IL,postal code
34.6033412,31.6968708,IL,postal code
34.6055611,31.697842,IL,postal code
34.6044332,31.6966753,IL,postal code
34.604104,31.6966395,IL,postal code
34.6041746,31.6972949,IL,postal code
34.6032874,31.6975666,IL,postal code
34.6051602,31.6981071,IL,postal code
34.6036347,31.6969443,IL,postal code
34.6042983,31.6973235,IL,postal code
34.6047923,31.6981712,IL,postal code
34.6042065,31.6968476,IL,postal code
34.6029659,31.6970818,IL,postal code
34.6033576,31.6971099,IL,postal code
34.6040012,31.6980226,IL,postal code
34.6093918,31.6972397,IL,postal code
34.6094038,31.697388,IL,postal code
34.6103825,31.6977371,IL,postal code
34.6088633,31.6978576,IL,postal code
34.6101457,31.6972776,IL,postal code
34.6091181,31.6987775,IL,postal code
34.6104091,31.6974302,IL,postal code
34.6088075,31.6981482,IL,postal code
34.6091967,31.6969979,IL,postal code
34.609387,31.697675,IL,postal code
34.6094766,31.6985205,IL,postal code
34.608769,31.6982896,IL,postal code
34.6086597,31.6972093,IL,postal code
34.6104042,31.6972857,IL,postal code
34.6103403,31.6981707,IL,postal code
34.6103712,31.697879,IL,postal code
34.6089202,31.6972172,IL,postal code
34.6103558,31.6980317,IL,postal code
34.6101167,31.6988944,IL,postal code
34.6093786,31.6978207,IL,postal code
34.6093639,31.6970053,IL,postal code
34.6099279,31.6992964,IL,postal code
34.6085886,31.6980816,IL,postal code
34.6098516,31.697031,IL,postal code
34.6096959,31.6970198,IL,postal code
34.6099969,31.6991734,IL,postal code
34.6100351,31.697037,IL,postal code
34.6093497,31.6979806,IL,postal code
34.6101778,31.6987426,IL,postal code
34.6103888,31.6970569,IL,postal code
34.6102028,31.6970456,IL,postal code
34.6105621,31.6970628,IL,postal code
34.6086378,31.6977697,IL,postal code
34.6102184,31.6986176,IL,postal code
34.6100689,31.6990175,IL,postal code
34.6089154,31.6973655,IL,postal code
34.608652,31.6976064,IL,postal code
34.6085114,31.6969651,IL,postal code
34.6084972,31.698369,IL,postal code
34.6086586,31.6973402,IL,postal code
34.6093292,31.6981063,IL,postal code
34.6102652,31.6984606,IL,postal code
34.6088622,31.6969833,IL,postal code
34.6086788,31.6969759,IL,postal code
34.6086111,31.6979304,IL,postal code
34.609721,31.6994427,IL,postal code
34.6084299,31.6985209,IL,postal code
34.6090335,31.696994,IL,postal code
34.6088847,31.6977219,IL,postal code
34.6096152,31.697943,IL,postal code
34.6096518,31.6974165,IL,postal code
34.6096396,31.6972545,IL,postal code
34.6092509,31.6984223,IL,postal code
34.6093286,31.698858,IL,postal code
34.6101422,31.6974152,IL,postal code
34.6101279,31.6979096,IL,postal code
34.6101,31.6980589,IL,postal code
34.6100442,31.6983483,IL,postal code
34.6100762,31.6982156,IL,postal code
34.6100085,31.6985061,IL,postal code
34.6099643,31.6986363,IL,postal code
34.6098185,31.6990331,IL,postal code
34.6092963,31.698278,IL,postal code
34.609594800000004,31.6980892,IL,postal code
34.6095297,31.6983656,IL,postal code
34.6095622,31.6982464,IL,postal code
34.6085451,31.6982266,IL,postal code
34.608646,31.6985984,IL,postal code
34.6088375,31.6980147,IL,postal code
34.6103087,31.6983241,IL,postal code
34.6080687,31.6993105,IL,postal code
34.6066357,31.7001643,IL,postal code
34.6077883,31.6992951,IL,postal code
34.60691,31.7000434,IL,postal code
34.6093526,31.700237,IL,postal code
34.6087017,31.6997507,IL,postal code
34.6068255,31.6998449,IL,postal code
34.6092348,31.7001509,IL,postal code
34.6076039,31.6996638,IL,postal code
34.6081939,31.6993611,IL,postal code
34.607127,31.6997036,IL,postal code
34.607541,31.6994339,IL,postal code
34.6069679,31.6997849,IL,postal code
34.6071992,31.6999041,IL,postal code
34.6067722,31.7004493,IL,postal code
34.608331,31.6994687,IL,postal code
34.6073149,31.6998344,IL,postal code
34.6065091,31.6999009,IL,postal code
34.6089616,31.6999469,IL,postal code
34.6090834,31.7000435,IL,postal code
34.6096183,31.7004381,IL,postal code
34.6094917,31.7003483,IL,postal code
34.6070386,31.6999843,IL,postal code
34.6079182,31.6992812,IL,postal code
34.6077277,31.6995692,IL,postal code
34.6072566,31.6996293,IL,postal code
34.6088316,31.699847,IL,postal code
34.6079052,31.6994888,IL,postal code
34.609882,31.7006532,IL,postal code
34.6076458,31.6993591,IL,postal code
34.6084556,31.6995618,IL,postal code
34.6097441,31.7005493,IL,postal code
34.6125158,31.7010974,IL,postal code
34.6112612,31.7024036,IL,postal code
34.6121801,31.700294800000002,IL,postal code
34.6114096,31.7009082,IL,postal code
34.6102399,31.7024655,IL,postal code
34.6102901,31.7020845,IL,postal code
34.6101634,31.702219,IL,postal code
34.6112979,31.7010227,IL,postal code
34.6122807,31.7013419,IL,postal code
34.610615,31.7017402,IL,postal code
34.6105215,31.7029778,IL,postal code
34.6123951,31.7012251,IL,postal code
34.6100734,31.7023168,IL,postal code
34.6107774,31.7031682,IL,postal code
34.6117977,31.7006988,IL,postal code
34.6115306,31.7007977,IL,postal code
34.6108201,31.7028646,IL,postal code
34.6111768,31.7011572,IL,postal code
34.6106636,31.7030818,IL,postal code
34.6105094,31.7018504,IL,postal code
34.6116417,31.7007315,IL,postal code
34.6109194,31.7027641,IL,postal code
34.6097306,31.7024026,IL,postal code
34.6116049,31.7020567,IL,postal code
34.6127407,31.7009323,IL,postal code
34.6103568,31.7023429,IL,postal code
34.6115198,31.7011181,IL,postal code
34.6121499,31.7011531,IL,postal code
34.6116247,31.7010057,IL,postal code
34.6120417,31.7012736,IL,postal code
34.6110466,31.7026337,IL,postal code
34.611933,31.70139,IL,postal code
34.6100018,31.7025931,IL,postal code
34.6098597,31.7024857,IL,postal code
34.6110698,31.70126,IL,postal code
34.6113047,31.7013381,IL,postal code
34.6117783,31.7009085,IL,postal code
34.6118281,31.7015024,IL,postal code
34.6117119,31.7016054,IL,postal code
34.6113144,31.7020307,IL,postal code
34.6101318,31.7026901,IL,postal code
34.6112152,31.7021379,IL,postal code
34.6111428,31.702533,IL,postal code
34.6104511,31.7022256,IL,postal code
34.6114902,31.7021671,IL,postal code
34.6103957,31.7028842,IL,postal code
34.6118278,31.7018149,IL,postal code
34.6110886,31.7022731,IL,postal code
34.6113718,31.7022935,IL,postal code
34.6108423,31.7015027,IL,postal code
34.6103876,31.7019778,IL,postal code
34.610567,31.7020993,IL,postal code
34.6109786,31.7023804,IL,postal code
34.6108679,31.7024937,IL,postal code
34.6106881,31.7019873,IL,postal code
34.6119332,31.7017024,IL,postal code
34.6107566,31.7026127,IL,postal code
34.6108092,31.7018659,IL,postal code
34.6106236,31.7027493,IL,postal code
34.6107327,31.7016163,IL,postal code
34.6109083,31.7017586,IL,postal code
34.6120492,31.7015838,IL,postal code
34.6124278,31.7005061,IL,postal code
34.6121654,31.7014653,IL,postal code
34.6114095,31.7012305,IL,postal code
34.6132343,31.7045198,IL,postal code
34.6120045,31.7034022,IL,postal code
34.6121553,31.7033379,IL,postal code
34.6123519,31.70326,IL,postal code
34.6124938,31.7031963,IL,postal code
34.6116655,31.7035408,IL,postal code
34.6127737,31.7030734,IL,postal code
34.6126961,31.702976,IL,postal code
34.612049,31.7043407,IL,postal code
34.6129239,31.7046536,IL,postal code
34.6129397,31.7033294,IL,postal code
34.6127824,31.7047058,IL,postal code
34.6120688,31.7040147,IL,postal code
34.6113618,31.7036132,IL,postal code
34.6124852,31.7047225,IL,postal code
34.6123431,31.7046645,IL,postal code
34.6134258,31.7040996,IL,postal code
34.6116201,31.7038435,IL,postal code
34.6118412,31.7040877,IL,postal code
34.6134421,31.7041943,IL,postal code
34.6132057,31.7042513,IL,postal code
34.6134221,31.7043336,IL,postal code
34.6129288,31.7037315,IL,postal code
34.6126902,31.7033821,IL,postal code
34.6128537,31.7036145,IL,postal code
34.6124864,31.7034143,IL,postal code
34.6133604,31.7044208,IL,postal code
34.6123131,31.7034861,IL,postal code
34.612176,31.7035411,IL,postal code
34.6127722,31.7044958,IL,postal code
34.6130232,31.7043912,IL,postal code
34.6118031,31.703484,IL,postal code
34.6131242,31.7040363,IL,postal code
34.6114766,31.7037091,IL,postal code
34.6132777,31.7038567,IL,postal code
34.6130539,31.7039315,IL,postal code
34.6130911,31.7045778,IL,postal code
34.611934,31.7041941,IL,postal code
34.6133386,31.7039639,IL,postal code
34.6117167,31.7039456,IL,postal code
34.6120004,31.7036179,IL,postal code
34.6118236,31.7037065,IL,postal code
34.6121524,31.7041142,IL,postal code
34.6122659,31.7042567,IL,postal code
34.6123474,31.7043571,IL,postal code
34.6125614,31.7045359,IL,postal code
34.6122484,31.7045841,IL,postal code
34.6130305,31.7034737,IL,postal code
34.6121394,31.7044457,IL,postal code
34.6126159,31.7047345,IL,postal code
34.6128602,31.7032109,IL,postal code
34.6127315,31.7037202,IL,postal code
35.0817647,32.824728,IL,postal code
35.2312825,31.7854656,PAL,postal code
35.3007135,32.4645505,PAL,postal code
35.2017338,31.9046004,IL,postal code
35.6200951,33.2191724,IL,postal code
35.161593,31.7820053,PAL,postal code
35.6257032,33.2223098,IL,postal code
34.4559502,31.5053564,PAL,postal code
34.4565747,31.5059889,PAL,postal code
34.6161145,31.7021836,IL,postal code
34.6152986,31.7021456,IL,postal code
34.6146589,31.7022393,IL,postal code
34.6160455,31.7030001,IL,postal code
34.6144535,31.7033341,IL,postal code
34.6160478,31.7016742,IL,postal code
34.6138836,31.702398,IL,postal code
34.6157196,31.7026959,IL,postal code
34.6154561,31.7020772,IL,postal code
34.6161941,31.703144,IL,postal code
34.6146031,31.703579,IL,postal code
34.6161809,31.7026248,IL,postal code
34.6149566,31.703031,IL,postal code
34.6154461,31.7018944,IL,postal code
34.6148036,31.7030975,IL,postal code
34.6140422,31.702666,IL,postal code
34.6158679,31.7020169,IL,postal code
34.6156324,31.7025459,IL,postal code
34.615408,31.7028339,IL,postal code
34.6158798,31.7031729,IL,postal code
34.6160002,31.7033089,IL,postal code
34.6136863,31.7030524,IL,postal code
34.6156058,31.7020115,IL,postal code
34.6161164,31.7032366,IL,postal code
34.6160055,31.702715,IL,postal code
34.6142917,31.702597,IL,postal code
34.6157975,31.7024879,IL,postal code
34.6159345,31.7023064,IL,postal code
34.6162184,31.701647,IL,postal code
34.615228,31.703646,IL,postal code
34.6139587,31.7025351,IL,postal code
34.6156892,31.7034442,IL,postal code
34.6148161,31.7021713,IL,postal code
34.6147438,31.7023906,IL,postal code
34.6147075,31.703662,IL,postal code
34.6157265,31.7032444,IL,postal code
34.6144404,31.7025245,IL,postal code
34.6157511,31.7017615,IL,postal code
34.6162102,31.702776,IL,postal code
34.6152948,31.7019606,IL,postal code
34.6145186,31.7034531,IL,postal code
34.6145931,31.7024583,IL,postal code
34.6140234,31.7035814,IL,postal code
34.6153944,31.7033836,IL,postal code
34.6143429,31.7023801,IL,postal code
34.6150762,31.7037123,IL,postal code
34.6160614,31.7018871,IL,postal code
34.6149559,31.7037253,IL,postal code
34.6155342,31.70351,IL,postal code
34.6152374,31.7034546,IL,postal code
34.6158511,31.7033749,IL,postal code
34.614293,31.7030769,IL,postal code
34.6161312,31.7023321,IL,postal code
34.6150994,31.7029668,IL,postal code
34.6150816,31.7035217,IL,postal code
34.6142092,31.7029418,IL,postal code
34.6160878,31.7020353,IL,postal code
34.6141217,31.7028037,IL,postal code
34.6156021,31.7018265,IL,postal code
34.6148887,31.7035596,IL,postal code
34.6150123,31.7028163,IL,postal code
34.6162313,31.7030434,IL,postal code
34.6154688,31.7026174,IL,postal code
34.6146288,31.7031873,IL,postal code
34.6162373,31.7029086,IL,postal code
34.6145309,31.7030183,IL,postal code
34.6142003,31.7023988,IL,postal code
34.6148546,31.7028872,IL,postal code
34.6149718,31.7021039,IL,postal code
34.6147055,31.7029528,IL,postal code
34.6158958,31.7017131,IL,postal code
34.6153755,31.7035829,IL,postal code
34.6148238,31.7037086,IL,postal code
34.6155633,31.7027665,IL,postal code
34.614497,31.7023107,IL,postal code
35.2210762,31.7820461,PAL,postal code
35.202801,31.90205,IL,postal code
35.2370416,32.2280665,PAL,postal code
34.7965765,31.2520501,IL,postal code
34.4386586,31.5171485,PAL,postal code
35.0022149,29.5231049,IL,postal code
35.2103972,31.7832379,PAL,postal code
34.9484564,31.8102484,PAL,postal code
34.8049304,32.0090877,IL,postal code
34.7723065,32.0695492,IL,postal code
34.9636464,32.5670502,IL,postal code
34.9638326,32.5670336,IL,postal code
34.6157556,31.7019495,IL,postal code
34.6161656,31.7018162,IL,postal code
34.9927794,32.7670349,IL,postal code
35.1179575,31.8119711,PAL,postal code
34.7995287,32.1200121,IL,postal code
34.7680465,32.0521272,IL,postal code
34.845796,32.0650447,IL,postal code
34.7520118,32.0549517,IL,postal code
35.2046123,31.7914404,PAL,postal code
34.7764236,32.0663526,IL,postal code
35.0992911,31.5277201,IL,postal code
35.260587,32.2217183,PAL,postal code
34.6316971,31.6924961,IL,postal code
35.4223499,32.9096952,IL,postal code
34.7731072,32.0626986,IL,postal code
34.8529936,32.1834783,IL,postal code
34.7813718,32.0166908,IL,postal code
34.7790018,32.0202114,IL,postal code
34.759185,32.0533963,IL,postal code
34.4427824,31.5206169,PAL,postal code
34.4428548,31.5206924,PAL,postal code
35.1854339,31.7129656,IL,postal code
35.1855519,31.7130614,IL,postal code
35.1855573,31.7130249,IL,postal code
34.7706372,32.064498,IL,postal code
34.7716521,32.0635691,IL,postal code
34.7832649,32.0745855,IL,postal code
34.7838467,32.0132445,IL,postal code
34.7705484,32.0647194,IL,postal code
35.0535918,32.0628945,IL,postal code
35.2312741,31.7944568,PAL,postal code
34.7615503,32.051741,IL,postal code
34.8684819,32.1762603,IL,postal code
35.4976562,30.3243903,IL,postal code
35.2931085,32.9089877,IL,postal code
34.8027519,30.6096261,IL,postal code
35.1620841,31.7788748,PAL,postal code
34.960035,32.5679656,IL,postal code
34.7648128,31.990248,IL,postal code
34.7993969,30.6049056,IL,postal code
34.8794451,32.0333843,IL,postal code
35.0653046,31.8689303,PAL,postal code
35.2257157,31.8593274,PAL,postal code
35.2658461,32.2205063,PAL,postal code
35.2185196,31.7819938,PAL,postal code
35.5689393,33.2107826,IL,postal code
34.3919734,31.4579517,PAL,postal code
35.5752934,33.2213935,IL,postal code
35.2399261,32.2220468,PAL,postal code
35.0299657,32.3137896,PAL,postal code
35.1948088,31.703275,PAL,postal code
34.7886936,32.0782941,IL,postal code
34.9656848,32.1876863,PAL,postal code
34.6445188,31.7878225,IL,postal code
34.9993798,29.5401096,IL,postal code
34.9859058,32.7849903,IL,postal code
35.1792873,31.9000833,IL,postal code
35.0464821,32.0592766,IL,postal code
35.197252400000004,31.7041198,PAL,postal code
35.2043396,31.7099244,PAL,postal code
35.2435149,32.2192521,PAL,postal code
35.2047725,31.8997877,PAL,postal code
35.2255258,31.7853789,PAL,postal code
35.259212,32.2211396,PAL,postal code
34.6517488,31.7869078,IL,postal code
34.7838583,32.0753114,IL,postal code
35.2035451,31.7112024,IL,postal code
34.968461,32.761572,IL,postal code
35.0436444,31.5285716,PAL,postal code
35.0917721,31.5307011,PAL,postal code
34.8039007,31.2510628,IL,postal code
35.0694501,32.9199471,IL,postal code
35.1993685,31.9966196,PAL,postal code
35.0313552,32.3853026,IL,postal code
35.0377052,32.3846047,IL,postal code
34.8869377,32.085434,IL,postal code
34.795738,32.159237,IL,postal code
34.4477559,31.5308772,PAL,postal code
34.4510715,31.5160344,PAL,postal code
35.2065634,31.9039037,PAL,postal code
34.975743,32.8323191,IL,postal code
35.1804178,31.702218,PAL,postal code
35.2133806,31.8831366,PAL,postal code
35.0990722,31.4518537,PAL,postal code
35.2747862,32.869153,IL,postal code
35.2463131,31.8109615,PAL,postal code
35.2465763,31.8114245,PAL,postal code
35.1972652,31.7353251,PAL,postal code
34.7629718,32.0627575,IL,postal code
35.2084787,31.7669946,PAL,postal code
35.261301,31.8125831,PAL,postal code
35.199148,31.7118862,PAL,postal code
35.2551462,32.2306156,PAL,postal code
35.0694818,32.3691854,PAL,postal code
35.2598566,32.2224731,PAL,postal code
35.2065791,31.9074053,PAL,postal code
34.7859873,31.2377003,IL,postal code
35.1999607,31.8517395,PAL,postal code
35.2087089,31.8967885,IL,postal code
34.7957493,32.1111317,IL,postal code
34.7838666,32.0722703,IL,postal code
35.2081123,31.9022911,PAL,postal code
35.4489181,31.882317,PAL,postal code
35.3455226,32.2919802,PAL,postal code
35.344497,32.291718,PAL,postal code
35.2538249,32.2242692,PAL,postal code
35.2538768,32.2245047,PAL,postal code
35.0708825,31.9282393,IL,postal code
35.342102,32.2803065,PAL,postal code
34.4457144,31.5306133,PAL,postal code
35.3228713,32.388238,PAL,postal code
35.2131488,31.8913727,IL,postal code
35.2953924,32.222672,PAL,postal code
35.2693304,32.4133515,PAL,postal code
35.2338119,32.2189006,PAL,postal code
35.2515254,32.2238953,PAL,postal code
35.2347384,32.2191581,PAL,postal code
35.2448773,32.2200973,PAL,postal code
35.2612063,32.1603911,PAL,postal code
35.0306717,32.3112704,IL,postal code
35.0371207,32.1181256,IL,postal code
34.9590368,32.7845863,IL,postal code
34.8105069,31.8977664,IL,postal code
35.0983666,31.5296421,PAL,postal code
35.2391194,32.217691,PAL,postal code
34.8050812,32.0856674,IL,postal code
35.2992173,32.4592296,PAL,postal code
34.4673101,31.5442512,PAL,postal code
35.0667951,32.8509238,IL,postal code
35.1980941,31.8960057,PAL,postal code
35.079428,32.1173136,IL,postal code
35.0822291,32.1145818,IL,postal code
34.4491407,31.5287317,PAL,postal code
35.2980602,32.4625763,IL,postal code
34.9655467,32.1914989,PAL,postal code
35.262658,32.2224046,PAL,postal code
35.2230279,32.2279587,PAL,postal code
34.3683412,31.4554342,PAL,postal code
34.4383181,31.5281503,PAL,postal code
35.3591234,32.3416139,PAL,postal code
35.0318395,32.3166242,PAL,postal code
35.2855771,31.7221025,PAL,postal code
34.7668201,32.0773989,IL,postal code
35.0071491,29.5330409,IL,postal code
35.2154476,31.7686907,PAL,postal code
35.2132281,31.7696245,PAL,postal code
35.207298,31.9169268,PAL,postal code
35.2142715,31.8921162,PAL,postal code
35.0311092,32.3164405,PAL,postal code
35.2831652,31.9931328,IL,postal code
35.370113,32.3232359,IL,postal code
35.479074,29.5137982,IL,postal code
34.9652952,32.1879234,PAL,postal code
34.8941877,32.1577515,IL,postal code
35.2876743,32.1418225,PAL,postal code
35.2837097,32.2079663,IL,postal code
35.208235,31.9225267,PAL,postal code
35.2828141,32.1928325,PAL,postal code
34.8054589,32.0861273,IL,postal code
35.2426861,32.2211689,PAL,postal code
35.0768787,32.9243849,IL,postal code
34.7860943,32.0953387,IL,postal code
35.0337069,31.5027293,PAL,postal code
34.8998381,32.175909,IL,postal code
34.3156101,31.3474698,PAL,postal code
34.9916201,32.1578985,PAL,postal code
35.2231395,31.7806268,PAL,postal code
35.1665811,31.945199,IL,postal code
35.2880944,32.203018,PAL,postal code
35.2899334,32.2002118,PAL,postal code
34.4430609,31.5255338,PAL,postal code
35.1950473,31.7130102,PAL,postal code
35.0278935,31.5082871,PAL,postal code
35.2767318,32.1569557,PAL,postal code
35.3069168,32.468504,PAL,postal code
34.966552,32.1851972,PAL,postal code
35.2900276,32.4675363,PAL,postal code
35.2830201,32.1933678,PAL,postal code
35.2287236,32.2247757,PAL,postal code
35.074513,31.5071585,IL,postal code
34.4048538,31.4733218,PAL,postal code
35.0988457,31.5784258,PAL,postal code
35.2015481,31.7070786,IL,postal code
35.0527725,32.3195105,PAL,postal code
35.2784281,32.412407,PAL,postal code
34.4522733,31.5135542,PAL,postal code
35.1730901,31.8859666,PAL,postal code
34.9652998,32.1874792,PAL,postal code
35.1787719,31.8961614,PAL,postal code
35.2349091,32.222849,PAL,postal code
34.7622425,32.0631301,IL,postal code
35.2297951,32.2395825,PAL,postal code
35.2363828,32.2221033,PAL,postal code
34.4045282,31.4834129,PAL,postal code
34.805526,31.9364373,IL,postal code
34.3048102,31.3442144,PAL,postal code
34.3216123,31.3519797,PAL,postal code
35.2046156,31.9050976,PAL,postal code
35.0991304,31.5420864,PAL,postal code
35.0974323,31.5297481,PAL,postal code
35.0896626,31.5342989,PAL,postal code
35.0974974,31.5501672,PAL,postal code
35.0895336,31.5342768,PAL,postal code
34.9759473,32.1836297,PAL,postal code
35.2167005,31.8084404,PAL,postal code
35.1910242,31.8709128,PAL,postal code
35.2474555,32.2243664,PAL,postal code
35.1698463,32.446799,PAL,postal code
34.8163311,32.0565871,IL,postal code
34.4388104,31.5105177,PAL,postal code
35.0429187,32.3200121,PAL,postal code
35.0430178,32.3200817,PAL,postal code
35.09643,31.5280863,PAL,postal code
35.1044182,31.5465138,PAL,postal code
35.2061967,31.713727,PAL,postal code
34.4386523,31.5264609,PAL,postal code
35.2211536,32.226725,PAL,postal code
34.2401347,31.3057224,PAL,postal code
35.1916189,31.7144103,PAL,postal code
34.7741314,32.0624709,IL,postal code
35.0970717,31.5289835,PAL,postal code
35.2836401,32.1400746,PAL,postal code
34.4601763,31.5266176,PAL,postal code
35.2042821,31.7183322,PAL,postal code
35.5873157,31.7219537,IL,postal code
35.2377327,31.8014191,PAL,postal code
34.7720682,32.0661862,IL,postal code
34.7712168,32.082187,IL,postal code
35.1959146,32.3908348,PAL,postal code
34.7738029,32.0596679,IL,postal code
35.1957075,32.3899781,PAL,postal code
35.0300701,32.3134743,PAL,postal code
35.0300629,32.313519,PAL,postal code
35.3705615,32.3226551,PAL,postal code
35.2005099,31.9010249,PAL,postal code
35.1012975,31.5548254,PAL,postal code
35.0302063,32.3134304,PAL,postal code
35.0300651,32.3134987,PAL,postal code
35.2244565,31.767222,PAL,postal code
35.2000204,31.9083899,PAL,postal code
35.2622066,32.0389667,PAL,postal code
35.5394114,32.9677885,IL,postal code
35.0222215,31.9460997,PAL,postal code
35.2050969,32.2416291,PAL,postal code
34.7737046,32.0796759,IL,postal code
35.193474,32.3220792,PAL,postal code
35.0980246,31.5333493,PAL,postal code
35.2045492,31.8939569,PAL,postal code
34.322064,31.3443432,PAL,postal code
35.2812921,32.4134444,PAL,postal code
35.3066145,32.4667336,PAL,postal code
35.379021,32.2465939,PAL,postal code
35.3044807,32.4648956,IL,postal code
35.1857582,31.8987141,PAL,postal code
35.0962822,31.5279005,PAL,postal code
35.0967687,31.5322067,PAL,postal code
34.3517609,31.4203744,PAL,postal code
35.3510351,32.8354138,IL,postal code
35.6196415,33.2195189,IL,postal code
35.6256918,33.2183158,IL,postal code
35.6197162,33.2205609,IL,postal code
35.5753499,33.2214397,IL,postal code
35.6216053,33.2199688,IL,postal code
35.6233266,33.2202287,IL,postal code
35.6211006,33.2227464,IL,postal code
35.6232656,33.2210442,IL,postal code
35.2229094,31.7808347,PAL,postal code
35.2070009,31.9074663,PAL,postal code
35.578946,33.2795201,IL,postal code
35.5777303,33.2775325,IL,postal code
35.5786781,33.280014,IL,postal code
35.5757024,33.2214377,IL,postal code
34.8459861,32.276441,IL,postal code
35.0272858,32.3089831,PAL,postal code
35.0969496,31.5288371,IL,postal code
35.5755327,33.221097,IL,postal code
35.5753628,33.2211538,IL,postal code
35.5756263,33.2211007,IL,postal code
35.5756847,33.2211291,IL,postal code
35.5753039,33.2215567,IL,postal code
35.5753205,33.2212667,IL,postal code
35.5756216,33.2211203,IL,postal code
35.2144541,31.9059948,PAL,postal code
35.2677809,31.7681998,IL,postal code
35.6256952,33.2223615,IL,postal code
35.5750334,33.213878,IL,postal code
34.4429706,31.5121161,PAL,postal code
35.0973619,31.5455878,PAL,postal code
35.2621855,32.2191926,PAL,postal code
34.4901154,31.5380056,PAL,postal code
34.4905353,31.5376653,PAL,postal code
35.2863584,32.4054152,PAL,postal code
35.5685938,33.2095014,IL,postal code
35.568598,33.209547,IL,postal code
34.7766529,32.0633799,IL,postal code
35.2167295,31.924015,PAL,postal code
35.2305791,31.8511326,PAL,postal code
34.4393495,31.5280659,PAL,postal code
35.1871526,32.3197026,PAL,postal code
35.2603197,32.2219379,PAL,postal code
35.2973227,32.4620616,PAL,postal code
34.8000191,31.257682,IL,postal code
35.1061707,31.5277566,IL,postal code
35.0795717,32.1121125,PAL,postal code
34.8495503,32.1005635,IL,postal code
34.8564793,32.3225701,IL,postal code
35.2694056,32.2036313,IL,postal code
35.2989628,32.4630511,IL,postal code
35.3069526,33.2288856,IL,postal code
34.4571566,31.5111128,PAL,postal code
34.3902065,31.4498645,PAL,postal code
34.4999934,31.533324,PAL,postal code
34.4623673,31.5367022,PAL,postal code
34.2566813,31.2800598,PAL,postal code
34.3002058,31.3449174,PAL,postal code
34.5395715,31.5383497,PAL,postal code
34.5396295,31.5384058,PAL,postal code
35.2053137,31.7017773,PAL,postal code
35.2220951,32.323163,PAL,postal code
34.5053717,31.5416885,IL,postal code
35.2821426,32.4119607,PAL,postal code
34.9903498,32.8172738,IL,postal code
35.1255186,32.3033425,PAL,postal code
35.4783455,31.8545337,PAL,postal code
35.1981179,31.9038275,PAL,postal code
35.2047465,31.8941433,PAL,postal code
34.9782757,32.1839535,PAL,postal code
35.0973482,31.5303107,PAL,postal code
34.4062541,31.4404066,PAL,postal code
35.0262882,32.3091927,PAL,postal code
34.9874462,32.4813114,IL,postal code
34.9527522,29.5538517,IL,postal code
34.3834899,31.4219455,PAL,postal code
34.42582,31.5061279,PAL,postal code
34.7826806,32.0687457,IL,postal code
35.2107288,31.897885,IL,postal code
35.0071735,29.533143,IL,postal code
34.8613485,32.101395,IL,postal code
34.4324683,31.5088749,PAL,postal code
35.1852307,31.8929821,PAL,postal code
35.2032525,31.9040977,IL,postal code
35.098098,31.5457009,PAL,postal code
34.7957182,30.6405036,IL,postal code
34.795784,30.6404629,IL,postal code
35.0864781,31.558116,IL,postal code
34.7833878,32.074644,IL,postal code
34.7833783,32.074708,IL,postal code
34.7845323,32.079442,IL,postal code
34.7832796,32.074711,IL,postal code
34.7701261,32.0683252,IL,postal code
35.2135355,31.924553,PAL,postal code
34.9613435,32.1790777,IL,postal code
34.9651378,32.1879068,IL,postal code
34.4641688,31.5044709,PAL,postal code
35.2878217,32.6095417,IL,postal code
35.1866384,31.7500572,PAL,postal code
34.7718676,32.0885777,IL,postal code
34.8703905,32.0001676,IL,postal code
34.4474966,31.5156895,IL,postal code
34.9635421,32.1802758,IL,postal code
35.2337628,32.2233743,PAL,postal code
35.3433237,32.2927142,IL,postal code
35.0999211,31.5561649,PAL,postal code
34.8397302,32.1691935,IL,postal code
35.230437,32.6831952,IL,postal code
35.2777958,32.1837256,IL,postal code
35.2699782,32.2035102,IL,postal code
34.4652953,31.5055419,PAL,postal code
35.0182601,32.7630571,IL,postal code
35.5136544,33.1459408,IL,postal code
34.4691895,31.5029788,IL,postal code
34.7638944,32.0653928,IL,postal code
35.0620594,32.3790016,IL,postal code
35.0994029,31.5544517,PAL,postal code
35.3385226,32.7471838,IL,postal code
35.1135882,31.5080965,IL,postal code
35.2024066,31.8921738,PAL,postal code
35.2714155,32.2172351,PAL,postal code
35.4570538,31.8523872,PAL,postal code
35.1003983,31.461985,IL,postal code
35.2982416,32.4622965,PAL,postal code
35.2280478,31.7776814,IL,postal code
35.09943,31.5544407,IL,postal code
35.2065011,31.9080176,PAL,postal code
35.1964686,32.3913627,PAL,postal code
35.2025445,31.8843304,PAL,postal code
35.0240622,31.9450903,PAL,postal code
35.0289409,32.309794,PAL,postal code
35.0304871,32.3196946,PAL,postal code
35.2759028,33.2559639,IL,postal code
35.2995561,32.463247,PAL,postal code
35.2600525,32.2222934,PAL,postal code
35.3139245,32.4658103,PAL,postal code
35.2086989,31.9012095,PAL,postal code
35.0272943,32.3137883,PAL,postal code
34.4691354,31.5437077,PAL,postal code
35.202492,31.712506,PAL,postal code
35.2161912,31.7056623,IL,postal code
35.5693628,33.2078558,IL,postal code
35.1004403,31.5580605,PAL,postal code
34.9659376,32.1912984,PAL,postal code
35.2145642,31.7781755,PAL,postal code
35.6202506,33.220280700000004,IL,postal code
34.8612015,31.2422745,IL,postal code
34.7478846,32.0363827,IL,postal code
35.2088637,31.9239378,PAL,postal code
35.2809644,32.0324874,IL,postal code
34.770817,32.0895867,IL,postal code
35.1862208,31.6967406,PAL,postal code
35.1947369,33.2750044,IL,postal code
35.2007933,31.9046017,PAL,postal code
35.1963365,31.9029104,PAL,postal code
34.7447435,31.3876028,IL,postal code
34.7716795,32.0837268,IL,postal code
35.2976421,32.4637548,PAL,postal code
35.3040785,32.4688944,PAL,postal code
35.304108,32.468917,PAL,postal code
35.1929214,31.9072061,PAL,postal code
35.1762547,31.9209736,PAL,postal code
35.1780635,31.8986188,IL,postal code
35.0804525,31.5139575,IL,postal code
35.1169562,31.5011239,IL,postal code
35.1123793,32.7220069,IL,postal code
35.1072922,31.5602605,IL,postal code
35.562389,33.0437479,IL,postal code
35.5441886,32.9687125,IL,postal code
35.2394639,30.6578362,IL,postal code
35.2396371,30.6578555,IL,postal code
35.2337428,30.6566139,IL,postal code
35.234809,30.6604888,IL,postal code
35.2784624,30.7660744,IL,postal code
35.2409245,30.6590253,IL,postal code
35.2996459,30.8059592,IL,postal code
35.2115794,31.7852494,PAL,postal code
34.8844124,32.443304500000004,IL,postal code
35.2259701,31.7693422,PAL,postal code
35.5706375,33.2114691,IL,postal code
35.5889191,33.2205637,IL,postal code
34.9995254,29.5539975,IL,postal code
34.4316873,31.5124189,IL,postal code
34.4453751,31.5181998,IL,postal code
34.9996195,29.554038,IL,postal code
35.6241016,33.2206652,IL,postal code
34.2366839,31.3094487,PAL,postal code
35.2320839,30.6547506,IL,postal code
35.2387066,30.6536462,IL,postal code
35.2387004,30.6535248,IL,postal code
35.2366414,30.6612944,IL,postal code
34.3397845,31.4247037,PAL,postal code
34.3471885,31.4094679,PAL,postal code
34.4367865,31.5242875,PAL,postal code
34.4365022,31.5240445,PAL,postal code
35.2116911,31.9055096,IL,postal code
34.8046005,32.0850519,IL,postal code
34.9782759,32.1838514,PAL,postal code
34.8069429,31.9121964,IL,postal code
34.4472856,31.5229328,PAL,postal code
35.4379211,33.1489821,IL,postal code
35.1993527,31.7074033,PAL,postal code
35.1986879,31.7205663,PAL,postal code
34.9630611,32.1905181,PAL,postal code
34.9630035,32.189383,PAL,postal code
34.9657092,32.1905024,PAL,postal code
34.9630811,32.1905309,PAL,postal code
35.0105008,31.9783295,PAL,postal code
35.2089892,31.9271273,PAL,postal code
35.205503,31.9183121,PAL,postal code
35.2099104,31.906457,IL,postal code
35.2049883,31.7079524,IL,postal code
34.3517731,31.4206083,PAL,postal code
35.2975117,32.7029047,IL,postal code
35.19154,31.9076688,PAL,postal code
34.8800024,32.0893936,IL,postal code
35.4587093,30.3738752,IL,postal code
34.6144189,31.7027569,IL,postal code
34.6114565,31.703847,IL,postal code
34.611789,31.7034476,IL,postal code
34.6121241,31.7032887,IL,postal code
34.6138709,31.7024737,IL,postal code
34.6142071,31.7031353,IL,postal code
34.6145321,31.7029685,IL,postal code
34.6147345,31.7033071,IL,postal code
34.6149222,31.7035038,IL,postal code
34.6144686,31.7033459,IL,postal code
34.6147144,31.7038369,IL,postal code
34.6149737,31.7038954,IL,postal code
34.615125,31.7038731,IL,postal code
34.61528,31.7037861,IL,postal code
34.6154825,31.7037343,IL,postal code
34.6156069,31.7036626,IL,postal code
34.6157846,31.7035617,IL,postal code
34.615924,31.7035411,IL,postal code
34.616093,31.7034698,IL,postal code
34.616278,31.703354,IL,postal code
34.6164731,31.7027668,IL,postal code
34.6163319,31.7021907,IL,postal code
34.6159314,31.7020854,IL,postal code
34.6155503,31.7022095,IL,postal code
34.6163957,31.703109,IL,postal code
34.6154699,31.7029399,IL,postal code
34.6152991,31.7030844,IL,postal code
35.2268589,32.2249701,PAL,postal code
35.0063195,29.5289597,IL,postal code
34.4498843,31.5114538,PAL,postal code
34.9656257,32.191448,PAL,postal code
34.9653938,32.192852,PAL,postal code
34.8942799,31.9883221,IL,postal code
34.8959148,31.9923326,IL,postal code
34.8953158,31.9893181,IL,postal code
34.8516398,32.2901029,IL,postal code
35.2033877,31.7105221,PAL,postal code
34.7621582,32.0588315,IL,postal code
35.3104806,32.4694396,IL,postal code
34.4833384,31.5398287,PAL,postal code
35.1574979,32.3758553,IL,postal code
34.7847397,31.2430864,IL,postal code
35.0235793,31.9452939,PAL,postal code
34.3904124,31.4587995,PAL,postal code
35.1995061,31.713281,PAL,postal code
35.2433133,32.2362427,IL,postal code
35.2061707,31.9073915,PAL,postal code
34.9954667,32.8210946,IL,postal code
35.2000172,31.7082983,PAL,postal code
34.7737941,30.9924129,IL,postal code
35.2135775,31.9245065,PAL,postal code
34.4706722,31.5024788,PAL,postal code
35.0912634,31.4504458,PAL,postal code
35.5383356,32.7895614,IL,postal code
35.0394115,32.7643364,IL,postal code
35.0394309,32.7643016,IL,postal code
35.2698015,32.2167509,PAL,postal code
35.0273171,31.5074751,PAL,postal code
35.027544,31.5074582,PAL,postal code
35.0981802,32.0469515,PAL,postal code
35.2052177,31.8956844,PAL,postal code
34.7669747,32.0731274,IL,postal code
35.0319059,32.3172307,PAL,postal code
35.1147283,31.4878475,IL,postal code
34.3968596,31.440664,PAL,postal code
34.4449346,31.521584,PAL,postal code
34.7766313,32.0774155,IL,postal code
34.7905525,32.0778579,IL,postal code
34.7838054,31.6047469,IL,postal code
35.060246,29.8935729,IL,postal code
34.8007944,32.0846427,IL,postal code
34.2554323,31.2807656,PAL,postal code
34.5872702,31.6648097,IL,postal code
35.1995495,31.9043971,PAL,postal code
35.0385724,32.0803431,PAL,postal code
35.0070254,29.5332278,IL,postal code
42.5509603,29.2985278,IL,peacenow
42.5509603,29.2985278,IL,peacenow
35.017634,31.552219,IL,peacenow
35.208414,31.783784,IL,peacenow
42.5509603,29.2985278,IL,peacenow
35.064135,32.072227,IL,peacenow
35.014858,32.170631,IL,peacenow
35.014858,32.170631,IL,peacenow
35.461968,31.790034,IL,peacenow
35.296764,31.832068,IL,peacenow
35.125256,31.654871,IL,peacenow
35.125256,31.654871,IL,peacenow
35.11958,32.162443,IL,peacenow
42.5509603,29.2985278,IL,peacenow
42.5509603,29.2985278,IL,peacenow
35.110978,31.391051,IL,peacenow
35.522285,32.17334,IL,peacenow
35.174514,32.104637,IL,peacenow
35.123783,32.096287,IL,peacenow
35.0437082,31.373292,IL,peacenow
35.0437082,31.373292,IL,peacenow
35.187594,31.586152,IL,peacenow
35.21999,31.856413,IL,peacenow
35.176982,32.001207,IL,peacenow
42.5509603,29.2985278,IL,peacenow
35.074551,32.284628,IL,peacenow
42.5509603,29.2985278,IL,peacenow
35.106008,32.109487,IL,peacenow
35.8667813,32.1018585,IL,peacenow
35.101101,31.657653,IL,peacenow
35.101101,31.657653,IL,peacenow
35.101101,31.657653,IL,peacenow
42.5509603,29.2985278,IL,peacenow
35.049472,32.040059,IL,peacenow
35.222734,31.9416,IL,peacenow
35.222734,31.9416,IL,peacenow
35.476411,31.807762,IL,peacenow
35.124097,31.87989,IL,peacenow
35.2465667,31.7863785,IL,peacenow
35.1119254,31.7010023,IL,peacenow
35.452636,32.24207,IL,peacenow
35.261645,31.865575,IL,peacenow
42.5509603,29.2985278,IL,peacenow
35.264885,32.193264,IL,peacenow
35.264885,32.193264,IL,peacenow
34.634978,31.370721,IL,peacenow
35.094113,32.082231,IL,peacenow
35.134154,31.422234,IL,peacenow
35.526843,32.252028,IL,peacenow
42.5509603,29.2985278,IL,peacenow
35.133591,31.926249,IL,peacenow
42.5509603,29.2985278,IL,peacenow
35.236047,31.749309,IL,peacenow
35.149934,31.653589,IL,peacenow
35.143074,31.659676,IL,peacenow
35.2021182,31.717861,IL,peacenow
42.5509603,29.2985278,IL,peacenow
35.032054,32.110566,IL,peacenow
42.5509603,29.2985278,IL,peacenow
35.331201,32.234418,IL,peacenow
35.2438225,31.7891393,IL,peacenow
35.125198,32.283594,IL,peacenow
42.5509603,29.2985278,IL,peacenow
42.5509603,29.2985278,IL,peacenow
34.904856,31.391171,IL,peacenow
35.046367,32.119403,IL,peacenow
35.238607,31.805577,IL,peacenow
42.5509603,29.2985278,IL,peacenow
35.017505,31.929718,IL,peacenow
35.3523326,31.8278604,IL,peacenow
35.273853,31.849999,IL,peacenow
42.5509603,29.2985278,IL,peacenow
42.5509603,29.2985278,IL,peacenow
35.444643,32.000016,IL,peacenow
35.186812,31.73148,IL,peacenow
35.395443,32.100273,IL,peacenow
35.208101,31.738292,IL,peacenow
35.151288,31.863743,IL,peacenow
35.159029,31.848896,IL,peacenow
35.159029,31.848896,IL,peacenow
42.5509603,29.2985278,IL,peacenow
35.208101,31.738292,IL,peacenow
35.208101,31.738292,IL,peacenow
42.5509603,29.2985278,IL,peacenow
35.2735238,32.0597078,IL,peacenow
35.1618,31.680091,IL,peacenow
35.051258,32.242589,IL,peacenow
35.167252,31.861189,IL,peacenow
35.1214042,31.6667865,IL,peacenow
35.101914,31.678899,IL,peacenow
35.352213,32.159694,IL,peacenow
42.5509603,29.2985278,IL,peacenow
35.079537,31.49253,IL,peacenow
-83.3668256,30.9906461,IL,peacenow
42.5509603,29.2985278,IL,peacenow
35.128876,32.008313,IL,peacenow
35.128876,32.008313,IL,peacenow
35.43735,32.199688,IL,peacenow
42.5509603,29.2985278,IL,peacenow
35.12966,31.824501,IL,peacenow
35.171491,31.722058,IL,peacenow
34.841265,32.017992,IL,peacenow
35.221951,31.7259589,IL,peacenow
35.221951,31.7259589,IL,peacenow
42.5509603,29.2985278,IL,peacenow
42.5509603,29.2985278,IL,peacenow
34.910917,32.391037,IL,peacenow
35.023269,31.932631,IL,peacenow
-90.4875857,37.1498978,IL,peacenow
35.099826,31.532569,IL,peacenow
35.118993,32.423726,IL,peacenow
42.5509603,29.2985278,IL,peacenow
42.5509603,29.2985278,IL,peacenow
42.5509603,29.2985278,IL,peacenow
35.367206,32.153512,IL,peacenow
42.5509603,29.2985278,IL,peacenow
42.5509603,29.2985278,IL,peacenow
42.5509603,29.2985278,IL,peacenow
35.173181,32.480891,IL,peacenow
35.140579,31.94888,IL,peacenow
42.5509603,29.2985278,IL,peacenow
42.5509603,29.2985278,IL,peacenow
35.136036,32.160688,IL,peacenow
35.308029,32.173869,IL,peacenow
42.5509603,29.2985278,IL,peacenow
42.5509603,29.2985278,IL,peacenow
35.5699418,32.3171675,IL,peacenow
35.466131,31.749896,IL,peacenow
42.5509603,29.2985278,IL,peacenow
35.101273,31.609468,IL,peacenow
35.097462,32.171553,IL,peacenow
42.5509603,29.2985278,IL,peacenow
42.5509603,29.2985278,IL,peacenow
42.5509603,29.2985278,IL,peacenow
35.157388,32.21239,IL,peacenow
35.310732,31.754384,IL,peacenow
42.5509603,29.2985278,IL,peacenow
35.337189,31.827216,IL,peacenow
35.250995,31.653953,IL,peacenow
35.115234,31.649486,IL,peacenow
35.036911,31.919928,IL,peacenow
35.249829,32.117973,IL,peacenow
35.249829,32.117973,IL,peacenow
42.5509603,29.2985278,IL,peacenow
42.5509603,29.2985278,IL,peacenow
42.5509603,29.2985278,IL,peacenow
35.115625,31.529326,IL,peacenow
35.112115,32.117299,IL,peacenow
35.349421,31.960264,IL,peacenow
35.349421,31.960264,IL,peacenow
35.242773,31.880152,IL,peacenow
35.242773,31.880152,IL,peacenow
35.242773,31.880152,IL,peacenow
35.235944,32.168529,IL,peacenow
42.5509603,29.2985278,IL,peacenow
35.297955,31.777369,IL,peacenow
35.229365,31.596887,IL,peacenow
35.4039,32.071304,IL,peacenow
35.4039,32.071304,IL,peacenow
35.297955,31.777369,IL,peacenow
35.239503,32.054436,IL,peacenow
35.305902,31.879131,IL,peacenow
35.258865,31.647363,IL,peacenow
35.069744,32.165406,IL,peacenow
35.297955,31.777369,IL,peacenow
35.297955,31.777369,IL,peacenow
35.163893,31.414592,IL,peacenow
35.229365,31.596887,IL,peacenow
35.229365,31.596887,IL,peacenow
35.226088,31.796121,IL,peacenow
35.02127,32.110471,IL,peacenow
42.5509603,29.2985278,IL,peacenow
42.5509603,29.2985278,IL,peacenow
35.163893,31.414592,IL,peacenow
42.5509603,29.2985278,IL,peacenow
42.5509603,29.2985278,IL,peacenow
35.502754,32.317865,IL,peacenow
35.502754,32.317865,IL,peacenow
35.490255,32.111805,IL,peacenow
35.034997,31.929747,IL,peacenow
35.51602,32.365285,IL,peacenow
35.423623,32.164159,IL,peacenow
42.5509603,29.2985278,IL,peacenow
35.393344,31.591008,IL,peacenow
42.5509603,29.2985278,IL,peacenow
35.173869,32.420772,IL,peacenow
35.034977,31.849598,IL,peacenow
35.4155538,31.9074488,IL,peacenow
35.143139,31.640932,IL,peacenow
35.342633,32.089866,IL,peacenow
42.5509603,29.2985278,IL,peacenow
35.159029,31.848896,IL,peacenow
42.5509603,29.2985278,IL,peacenow
35.336445,31.793433,IL,peacenow
42.5509603,29.2985278,IL,peacenow
34.801898,30.610203,IL,peacenow
34.801898,30.610203,IL,peacenow
34.801898,30.610203,IL,peacenow
34.801898,30.610203,IL,peacenow
34.917879,31.333464,IL,peacenow
34.917879,31.333464,IL,peacenow
34.801898,30.610203,IL,peacenow
35.400367,31.568875,IL,peacenow
34.801898,30.610203,IL,peacenow
35.395409,31.815688,IL,peacenow
35.395409,31.815688,IL,peacenow
35.395409,31.815688,IL,peacenow
34.801898,30.610203,IL,peacenow
35.042265,31.932477,IL,peacenow
42.5509603,29.2985278,IL,peacenow
42.5509603,29.2985278,IL,peacenow
35.065976,31.962594,IL,peacenow
35.467713,31.907541,IL,peacenow
35.2209736,31.7801794,IL,peacenow
35.140431,31.973542,IL,peacenow
34.983347,31.493077,IL,peacenow
34.983347,31.493077,IL,peacenow
42.5509603,29.2985278,IL,peacenow
35.443281,31.989412,IL,peacenow
42.5509603,29.2985278,IL,peacenow
35.143293,31.67632,IL,peacenow
35.143293,31.67632,IL,peacenow
34.564889,31.55984,IL,peacenow
35.242762,31.841769,IL,peacenow
35.04727,31.963415,IL,peacenow
35.04727,31.963415,IL,peacenow
35.453892,31.968178,IL,peacenow
34.984822,32.146206,IL,peacenow
42.5509603,29.2985278,IL,peacenow
35.049191,32.7649,IL,peacenow
35.239927,31.754196,IL,peacenow
35.23593,32.098245,IL,peacenow
35.319875,31.823519,IL,peacenow
35.319875,31.823519,IL,peacenow
35.09984,32.155458,IL,peacenow
35.244064,31.645331,IL,peacenow
35.049472,32.040059,IL,peacenow
35.260324,31.955101,IL,peacenow
35.260324,31.955101,IL,peacenow
35.310732,31.754384,IL,peacenow
34.689968,31.70261,IL,peacenow
42.5509603,29.2985278,IL,peacenow
34.99081,32.131924,IL,peacenow
35.028163,31.438812,IL,peacenow
35.436945,31.679039,IL,peacenow
42.5509603,29.2985278,IL,peacenow
35.274822,32.087696,IL,peacenow
35.2299572,31.7593707,IL,peacenow
35.052619,32.062479,IL,peacenow
35.443753,32.043492,IL,peacenow
35.241725,31.831116,IL,peacenow
35.1651,31.487074,IL,peacenow
35.1651,31.487074,IL,peacenow
35.19511,31.589538,IL,peacenow
35.2160762,31.7407454,IL,peacenow
35.223923,31.899984,IL,peacenow
35.223004,31.802842,IL,peacenow
35.113198,32.1807,IL,peacenow
35.21672,31.811922,IL,peacenow
35.665245,32.850365,IL,peacenow
35.243698,31.771366,IL,peacenow
35.103905,31.942694,IL,peacenow
35.257756,32.10246,IL,peacenow
35.135271,32.468752,IL,peacenow
35.129583,32.11871,IL,peacenow
35.340494,31.935382,IL,peacenow
35.340494,31.935382,IL,peacenow
35.48948,32.24751,IL,peacenow
35.125288,31.667791,IL,peacenow
35.518576,32.3366,IL,peacenow
35.051258,32.242589,IL,peacenow
34.901003,31.361765,IL,peacenow
42.5509603,29.2985278,IL,peacenow
35.026998,32.120679,IL,peacenow
42.5509603,29.2985278,IL,peacenow
35.530587,32.347731,IL,peacenow
42.5509603,29.2985278,IL,peacenow
34.7898425,32.0695657,IL,peacenow
35.168448,32.473745,IL,peacenow
42.5509603,29.2985278,IL,peacenow
-118.3628135,34.0597944,IL,peacenow
42.5509603,29.2985278,IL,peacenow
35.183444,32.26372,IL,peacenow
35.233471,31.794043,IL,peacenow
35.29909,32.054405,IL,peacenow
42.5509603,29.2985278,IL,peacenow
35.012699,31.387342,IL,peacenow
35.012699,31.387342,IL,peacenow
42.5509603,29.2985278,IL,peacenow
42.5509603,29.2985278,IL,peacenow
35.310703,32.054539,IL,peacenow
35.236068,31.770128,IL,peacenow
42.5509603,29.2985278,IL,peacenow
35.242773,31.880152,IL,peacenow
35.110978,31.391051,IL,peacenow
35.110978,31.391051,IL,peacenow
35.110978,31.391051,IL,peacenow
35.160699,32.483124,IL,peacenow
35.133131,31.939475,IL,peacenow
35.03124,31.563051,IL,peacenow
34.957383,31.376132,IL,peacenow
42.5509603,29.2985278,IL,peacenow
42.5509603,29.2985278,IL,peacenow
42.5509603,29.2985278,IL,peacenow
42.5509603,29.2985278,IL,peacenow
35.2106003,31.7830474,IL,peacenow
35.4398,32.018587,IL,peacenow
35.008912,32.197318,IL,peacenow
35.008912,32.197318,IL,peacenow
42.5509603,29.2985278,IL,peacenow
42.5509603,29.2985278,IL,peacenow
35.432139,31.826192,IL,peacenow
35.474317,32.062687,IL,peacenow
35.104794,32.145289,IL,peacenow
35.114631,32.149831,IL,peacenow
35.035536,31.347454,IL,peacenow
35.422375,31.947215,IL,peacenow
35.235944,32.168529,IL,peacenow
42.5509603,29.2985278,IL,peacenow
35.400267,32.490501,PAL,palestine census 2017
35.400267,32.490501,PAL,palestine census 2017
35.103199,32.529401,PAL,palestine census 2017
35.356811,32.470376,PAL,palestine census 2017
35.2938591,32.4646353,PAL,palestine census 2017
35.2938591,32.4646353,PAL,palestine census 2017
35.227727,32.457509,PAL,palestine census 2017
35.131265,32.449425,PAL,palestine census 2017
35.131265,32.449425,PAL,palestine census 2017
35.280093,32.409583,PAL,palestine census 2017
35.382663,32.386823,PAL,palestine census 2017
35.382663,32.386823,PAL,palestine census 2017
35.313947,32.3637,PAL,palestine census 2017
35.369953,32.321086,PAL,palestine census 2017
35.4963655,32.2404365,PAL,palestine census 2017
35.4963655,32.2404365,PAL,palestine census 2017
35.4963655,32.2404365,PAL,palestine census 2017
35.4963655,32.2404365,PAL,palestine census 2017
35.071193,32.411141,PAL,palestine census 2017
35.0239857,32.3194054,PAL,palestine census 2017
35.0239857,32.3194054,PAL,palestine census 2017
35.0239857,32.3194054,PAL,palestine census 2017
35.0239857,32.3194054,PAL,palestine census 2017
35.119478,32.307253,PAL,palestine census 2017
35.083435,32.22354,PAL,palestine census 2017
35.192933,32.301365,PAL,palestine census 2017
35.191041,32.254578,PAL,palestine census 2017
35.389176,32.234667,PAL,palestine census 2017
35.342735,32.127586,PAL,palestine census 2017
35.403806,32.237706,PAL,palestine census 2017
36.4093761,33.5727724,PAL,palestine census 2017
35.140136,32.130762,PAL,palestine census 2017
35.156964,32.11689,PAL,palestine census 2017
40.930639,37.519575,PAL,palestine census 2017
35.080583,32.068694,PAL,palestine census 2017
35.310221,31.990202,PAL,palestine census 2017
35.169813,31.889281,PAL,palestine census 2017
35.4617583,31.8611058,PAL,palestine census 2017
35.233489,31.849252,PAL,palestine census 2017
35.291821,31.72383,PAL,palestine census 2017
42.5509603,29.2985278,PAL,palestine census 2017
42.5509603,29.2985278,PAL,palestine census 2017
42.5509603,29.2985278,PAL,palestine census 2017
42.5509603,29.2985278,PAL,palestine census 2017
35.215176,31.686369,PAL,palestine census 2017
35.215176,31.686369,PAL,palestine census 2017
35.215176,31.686369,PAL,palestine census 2017
42.5509603,29.2985278,PAL,palestine census 2017
42.5509603,29.2985278,PAL,palestine census 2017
35.3196434,33.2858455,PAL,palestine census 2017
35.3196434,33.2858455,PAL,palestine census 2017
35.3196434,33.2858455,PAL,palestine census 2017
35.3196434,33.2858455,PAL,palestine census 2017
35.3196434,33.2858455,PAL,palestine census 2017
35.3196434,33.2858455,PAL,palestine census 2017
42.5509603,29.2985278,PAL,palestine census 2017
42.5509603,29.2985278,PAL,palestine census 2017
42.5509603,29.2985278,PAL,palestine census 2017
42.5509603,29.2985278,PAL,palestine census 2017
42.5509603,29.2985278,PAL,palestine census 2017
35.102199,31.622812,PAL,palestine census 2017
35.102199,31.622812,PAL,palestine census 2017
35.044251,31.612218,PAL,palestine census 2017
42.5509603,29.2985278,PAL,palestine census 2017
35.026375,31.598422,PAL,palestine census 2017
35.026375,31.598422,PAL,palestine census 2017
35.143776,31.582455,PAL,palestine census 2017
35.143776,31.582455,PAL,palestine census 2017
35.143776,31.582455,PAL,palestine census 2017
35.143776,31.582455,PAL,palestine census 2017
35.0999042,31.5798898,PAL,palestine census 2017
35.0999042,31.5798898,PAL,palestine census 2017
35.149421,31.574996,PAL,palestine census 2017
34.979243,31.557252,PAL,palestine census 2017
34.979243,31.557252,PAL,palestine census 2017
39.4243113,23.9541516,PAL,palestine census 2017
35.050973,31.538448,PAL,palestine census 2017
34.972671,31.519929,PAL,palestine census 2017
35.16534,31.514866,PAL,palestine census 2017
35.027527,31.505093,PAL,palestine census 2017
35.027527,31.505093,PAL,palestine census 2017
35.027527,31.505093,PAL,palestine census 2017
35.027527,31.505093,PAL,palestine census 2017
35.027527,31.505093,PAL,palestine census 2017
35.25926,32.879309,PAL,palestine census 2017
35.25926,32.879309,PAL,palestine census 2017
30.6631289,31.0843281,PAL,palestine census 2017
42.5509603,29.2985278,PAL,palestine census 2017
47.773797,30.5257657,PAL,palestine census 2017
47.773797,30.5257657,PAL,palestine census 2017
35.1320669,31.4694845,PAL,palestine census 2017
42.5509603,29.2985278,PAL,palestine census 2017
42.5509603,29.2985278,PAL,palestine census 2017
42.5509603,29.2985278,PAL,palestine census 2017
34.91217,31.453869,PAL,palestine census 2017
34.926241,31.452678,PAL,palestine census 2017
35.053087,31.447734,PAL,palestine census 2017
35.053087,31.447734,PAL,palestine census 2017
35.090105,31.44415,PAL,palestine census 2017
35.090105,31.44415,PAL,palestine census 2017
35.090105,31.44415,PAL,palestine census 2017
35.090105,31.44415,PAL,palestine census 2017
35.090105,31.44415,PAL,palestine census 2017
35.090105,31.44415,PAL,palestine census 2017
35.090105,31.44415,PAL,palestine census 2017
35.090105,31.44415,PAL,palestine census 2017
35.021854,31.431382,PAL,palestine census 2017
35.021854,31.431382,PAL,palestine census 2017
35.021854,31.431382,PAL,palestine census 2017
52.1726505,30.711949,PAL,palestine census 2017
35.182268,31.432786,PAL,palestine census 2017
35.182268,31.432786,PAL,palestine census 2017
35.182268,31.432786,PAL,palestine census 2017
36.5040446,33.7805063,PAL,palestine census 2017
35.065288,31.39861,PAL,palestine census 2017
35.065288,31.39861,PAL,palestine census 2017
42.5509603,29.2985278,PAL,palestine census 2017
42.5509603,29.2985278,PAL,palestine census 2017
42.5509603,29.2985278,PAL,palestine census 2017
42.5509603,29.2985278,PAL,palestine census 2017
35.1312666,31.3738995,PAL,palestine census 2017
35.1312666,31.3738995,PAL,palestine census 2017
35.1312666,31.3738995,PAL,palestine census 2017
34.9952163,31.3711203,PAL,palestine census 2017
34.9208044,31.3560126,PAL,palestine census 2017
34.509222,31.551289,PAL,palestine census 2017
34.53677,31.538483,PAL,palestine census 2017
34.3088255,31.3546763,PAL,palestine census 2017
44.5254689,22.7594236,PAL,palestine census 2017
34.3039986,31.3462005,PAL,palestine census 2017
34.3039986,31.3462005,PAL,palestine census 2017
34.3039986,31.3462005,PAL,palestine census 2017
34.3039986,31.3462005,PAL,palestine census 2017
34.3039986,31.3462005,PAL,palestine census 2017
34.3039986,31.3462005,PAL,palestine census 2017
34.3039986,31.3462005,PAL,palestine census 2017
34.243482,31.29678,PAL,palestine census 2017
34.243482,31.29678,PAL,palestine census 2017
34.243482,31.29678,PAL,palestine census 2017
