"","X","Y","religion"
"1",35.5708638,32.7109379,"christian"
"2",34.8765959,32.3101859,"jewish"
"3",34.8699464,32.304117,"jewish"
"4",34.9107432,32.4862768,"jewish"
"5",35.516667,33.033333,"muslim"
"6",35.2293787,31.7761998,"muslim"
"7",34.8154756,32.1724632,"jewish"
"8",34.8791165,32.3141395,"jewish"
"9",34.8429835,32.1669501,"jewish"
"10",35.2302762,31.7840007,"christian"
"11",34.8734134,31.9246192,"muslim"
"12",35.2186055,31.7802817,"jewish"
"13",34.7710672,32.0804879,"jewish"
"14",35.2194112,31.7031511,"muslim"
"15",35.2201402,31.7025302,"christian"
"16",35.1883374,31.7151687,"christian"
"17",35.1858454,31.7156983,"christian"
"18",35.1862701,31.7162574,"muslim"
"19",35.2298841,31.7070704,"christian"
"20",35.2200212,31.7041257,"christian"
"21",35.222106,31.7101283,"christian"
"22",35.1977966,31.7120598,"christian"
"23",35.1612545,31.7033859,"christian"
"24",35.1617589,31.7033688,"muslim"
"25",35.1634664,31.6971096,"muslim"
"26",35.1853487,31.6876676,"christian"
"27",35.1997497,31.7173393,"muslim"
"28",35.1723831,31.7268626,"christian"
"29",35.2462504,31.7024124,"muslim"
"30",35.2018452,31.7186685,"jewish"
"31",35.1994203,31.7043936,"christian"
"32",35.1837953,31.7015511,"muslim"
"33",35.2726629,31.7124809,"muslim"
"34",35.2745449,31.7179744,"muslim"
"35",35.2828885,31.721141,"christian"
"36",35.1753492,31.6987243,"muslim"
"37",35.1834647,31.6943501,"muslim"
"38",35.2182538,31.7035034,"christian"
"39",35.1674782,31.7281341,"muslim"
"40",35.1801113,31.6937421,"muslim"
"41",35.1647986,31.7344576,"muslim"
"42",35.1622089,31.7379545,"muslim"
"43",35.161045,31.7257281,"muslim"
"44",35.2649485,31.6960747,"muslim"
"45",35.2767075,31.6919858,"muslim"
"46",35.2659104,31.6913997,"muslim"
"47",35.2677271,31.6854199,"muslim"
"48",35.2526768,31.6899661,"muslim"
"49",35.2573874,31.674818,"muslim"
"50",35.2214424,31.6622824,"muslim"
"51",35.2114465,31.6611359,"muslim"
"52",35.1992145,31.6620696,"muslim"
"53",35.2639316,31.6695458,"muslim"
"54",35.2458007,31.6719017,"muslim"
"55",35.141493,31.7185184,"muslim"
"56",35.1338771,31.7110073,"muslim"
"57",35.168045,31.6657446,"muslim"
"58",35.1672819,31.6644096,"muslim"
"59",35.250222,31.712769,"muslim"
"60",35.2745144,31.7177458,"muslim"
"61",35.2825906,31.7211323,"christian"
"62",35.2857025,31.7172201,"muslim"
"63",35.2894941,31.7156997,"muslim"
"64",35.2995219,31.7157761,"muslim"
"65",35.2998927,31.7206662,"muslim"
"66",35.2896772,31.7246782,"muslim"
"67",35.274802,31.7052143,"muslim"
"68",35.2813654,31.6980663,"muslim"
"69",35.2556318,31.704671,"muslim"
"70",35.1173876,31.6835852,"muslim"
"71",35.226462,31.640568,"muslim"
"72",35.2208952,31.6348234,"muslim"
"73",35.1604389,31.6541002,"muslim"
"74",35.1907886,31.6587879,"muslim"
"75",35.2349068,31.679312,"muslim"
"76",35.236568,31.6853787,"muslim"
"77",35.2313935,31.6848546,"muslim"
"78",35.2206955,31.6773356,"muslim"
"79",35.220234,31.6689182,"muslim"
"80",35.2255729,31.6706291,"muslim"
"81",35.1990264,31.7200055,"muslim"
"82",35.1954921,31.7199155,"muslim"
"83",35.2014106,31.7143861,"muslim"
"84",35.1861341,31.6888529,"muslim"
"85",35.1864584,31.6867449,"christian"
"86",35.1751336,32.4451596,"muslim"
"87",35.1639813,32.4493896,"muslim"
"88",35.1693014,32.4505577,"muslim"
"89",35.1691808,32.4471765,"muslim"
"90",35.1685552,32.4490467,"muslim"
"91",35.168523,32.4466526,"muslim"
"92",35.3517277,32.3509999,"muslim"
"93",35.3624301,32.3282981,"muslim"
"94",35.3902639,32.276503,"muslim"
"95",35.3650506,32.326207,"christian"
"96",35.3847957,32.2811299,"muslim"
"97",35.3851333,32.287299,"muslim"
"98",35.3659256,32.3214033,"muslim"
"99",35.3900359,32.2787914,"muslim"
"100",35.379714,32.2851347,"muslim"
"101",35.3498654,32.3500883,"muslim"
"102",35.3850819,32.282052,"muslim"
"103",35.3817334,32.2832329,"muslim"
"104",35.3665297,32.3201046,"muslim"
"105",35.3863304,32.2832692,"muslim"
"106",35.3668518,32.3252616,"muslim"
"107",35.3913521,32.2818771,"muslim"
"108",35.3657505,32.3185549,"muslim"
"109",35.3839848,32.2774968,"muslim"
"110",35.3664132,32.3253129,"muslim"
"111",35.3860505,32.2815209,"muslim"
"112",35.3685393,32.3217496,"muslim"
"113",35.383842,32.2833244,"muslim"
"114",35.3146245,32.3621645,"muslim"
"115",35.2284505,32.4073433,"muslim"
"116",35.2038068,32.4070064,"muslim"
"117",35.2209105,32.5197467,"muslim"
"118",35.1697045,32.5012319,"muslim"
"119",35.165919,32.5013191,"muslim"
"120",35.2273047,32.5151057,"muslim"
"121",35.2311257,32.4834765,"muslim"
"122",35.1953223,32.3548812,"muslim"
"123",35.1650751,32.4667447,"muslim"
"124",35.278788,32.402767,"muslim"
"125",35.1946689,32.3606651,"muslim"
"126",35.187664,32.5147211,"muslim"
"127",35.2877812,32.4645253,"muslim"
"128",35.2156618,32.378518,"muslim"
"129",35.2893464,32.3242702,"muslim"
"130",35.191164,32.4625647,"muslim"
"131",35.1805397,32.3834683,"muslim"
"132",35.2216611,32.3241741,"muslim"
"133",35.2090291,32.4046315,"muslim"
"134",35.1565086,32.3725539,"muslim"
"135",35.1309187,32.449123,"muslim"
"136",35.303511,32.3340322,"muslim"
"137",35.2015979,32.40476,"muslim"
"138",35.1528082,32.3729571,"muslim"
"139",35.229095,32.509417,"muslim"
"140",35.2278369,32.4856008,"muslim"
"141",35.1520814,32.4685289,"muslim"
"142",35.3567169,32.4690905,"muslim"
"143",35.2151803,32.3272785,"muslim"
"144",35.3004083,32.4514768,"muslim"
"145",35.136347,32.4580269,"muslim"
"146",35.4143982,32.4597161,"muslim"
"147",35.1544733,32.3751236,"muslim"
"148",35.1967401,32.3560785,"muslim"
"149",35.2182988,32.5180679,"muslim"
"150",35.2111114,32.4064588,"muslim"
"151",35.2303301,32.4851029,"muslim"
"152",35.1994092,32.4113501,"muslim"
"153",35.2200965,32.3593965,"muslim"
"154",35.1709023,32.3540095,"muslim"
"155",35.1627505,32.466468,"muslim"
"156",35.1758803,32.3822928,"muslim"
"157",35.260837,32.3921383,"muslim"
"158",35.2210901,32.3874219,"muslim"
"159",35.2288927,32.5064711,"muslim"
"160",35.206886,32.4060074,"muslim"
"161",35.1980739,32.4067742,"muslim"
"162",35.1811165,32.5171011,"muslim"
"163",35.2354128,32.4861501,"muslim"
"164",35.2197341,32.356148,"muslim"
"165",35.1647834,32.5039464,"muslim"
"166",35.2253419,32.508107,"muslim"
"167",35.4146421,32.4596863,"muslim"
"168",35.1436115,31.5835206,"muslim"
"169",35.170748,32.3549639,"muslim"
"170",34.9592283,31.5054788,"muslim"
"171",35.1760939,32.4627433,"muslim"
"172",35.4179361,32.4592471,"muslim"
"173",35.1112553,31.6188999,"muslim"
"174",35.0670951,31.3978412,"muslim"
"175",35.2389778,32.491062,"muslim"
"176",35.2303093,32.4852796,"muslim"
"177",35.1030912,31.5271549,"muslim"
"178",35.3144269,32.3639693,"muslim"
"179",35.2289558,32.508914,"muslim"
"180",35.1000863,31.5591301,"muslim"
"181",35.2028547,32.405043,"muslim"
"182",35.1461548,32.4549569,"muslim"
"183",35.2868555,32.3871524,"muslim"
"184",35.1351576,31.6249811,"muslim"
"185",35.1068738,31.5318569,"muslim"
"186",35.2902904,32.4506058,"muslim"
"187",35.2251202,32.3295654,"muslim"
"188",35.2099468,32.400913,"muslim"
"189",35.2321528,32.5094416,"muslim"
"190",35.1050137,31.4486129,"muslim"
"191",35.1949688,32.3612239,"muslim"
"192",35.1198368,31.468955,"muslim"
"193",35.2296408,32.4818244,"muslim"
"194",35.1163121,31.5181575,"muslim"
"195",34.9569805,31.5063177,"muslim"
"196",35.1500152,31.577916,"muslim"
"197",35.2161927,32.3871446,"muslim"
"198",34.9730232,31.5228432,"muslim"
"199",35.198024,32.4053057,"muslim"
"200",35.1571012,32.3774708,"muslim"
"201",34.9768882,31.4091595,"muslim"
"202",34.9643108,31.5328112,"muslim"
"203",35.0868741,31.5232298,"muslim"
"204",34.9785162,31.4201885,"muslim"
"205",35.1097828,31.5159536,"muslim"
"206",35.0870842,31.5122135,"muslim"
"207",35.0890333,31.5605765,"muslim"
"208",35.1007283,31.5582606,"muslim"
"209",34.9704106,31.4064052,"muslim"
"210",35.148001,31.6263272,"muslim"
"211",35.1213898,31.4325209,"muslim"
"212",35.0996043,31.5155332,"muslim"
"213",34.9694713,31.5344147,"muslim"
"214",35.0954568,31.550713,"muslim"
"215",35.0856282,31.5349939,"christian"
"216",35.0336491,31.6104567,"muslim"
"217",35.0865982,31.5344153,"muslim"
"218",34.9759794,31.4071336,"muslim"
"219",35.0775524,31.5098852,"muslim"
"220",35.1574849,31.6276169,"muslim"
"221",35.0951274,31.5207444,"muslim"
"222",35.0939709,31.5575285,"muslim"
"223",35.1474356,31.5869256,"muslim"
"224",35.0651938,31.5695514,"muslim"
"225",35.0750935,31.5036062,"muslim"
"226",35.0802044,31.5404545,"muslim"
"227",35.1428435,31.5815819,"muslim"
"228",34.9978429,31.4681947,"muslim"
"229",35.0980796,31.5304237,"muslim"
"230",35.1024296,31.6205317,"muslim"
"231",35.1046068,31.4532084,"muslim"
"232",35.0747427,31.5678432,"muslim"
"233",35.0734181,31.4466273,"muslim"
"234",34.9686397,31.4158427,"muslim"
"235",35.0551168,31.5729593,"muslim"
"236",35.0655287,31.4774233,"muslim"
"237",35.1032769,31.5285454,"muslim"
"238",35.1944117,32.2969421,"muslim"
"239",35.0963296,31.4475272,"muslim"
"240",35.2357148,32.2225384,"christian"
"241",35.0897327,31.4457173,"muslim"
"242",35.0730189,31.5094023,"muslim"
"243",35.0299615,31.5967287,"muslim"
"244",35.2408651,32.2229425,"christian"
"245",35.337573,32.0852118,"muslim"
"246",35.2560488,32.0845086,"muslim"
"247",35.293161,32.1901091,"muslim"
"248",35.2841384,32.0996812,"muslim"
"249",35.0535856,31.4756303,"muslim"
"250",35.2570787,32.152366,"muslim"
"251",35.335665,32.1759681,"muslim"
"252",35.2404896,32.1456627,"muslim"
"253",35.2641438,32.1371592,"muslim"
"254",35.2560735,32.1516769,"muslim"
"255",35.0733444,31.5304028,"muslim"
"256",35.344287,32.1302743,"muslim"
"257",35.2313824,32.1847209,"muslim"
"258",35.292486,32.0855116,"muslim"
"259",35.1952956,32.3013312,"muslim"
"260",35.0276582,31.4522068,"muslim"
"261",35.0961255,31.5294492,"muslim"
"262",35.344789,32.1271838,"muslim"
"263",35.3097831,32.1250565,"muslim"
"264",35.2565672,32.2298237,"muslim"
"265",35.1026876,31.5204111,"muslim"
"266",35.0647704,31.5696263,"muslim"
"267",35.2466955,32.224439,"muslim"
"268",35.2868302,32.1025814,"muslim"
"269",35.1010071,31.4535242,"muslim"
"270",35.0277527,31.5967243,"muslim"
"271",35.332257,32.2084266,"muslim"
"272",35.2816176,32.1944208,"muslim"
"273",35.0887494,31.4548648,"muslim"
"274",35.1961838,32.2763562,"christian"
"275",35.2732924,32.1520397,"muslim"
"276",35.0773072,31.4698982,"muslim"
"277",35.1639896,32.3068674,"muslim"
"278",35.2899555,32.2180563,"muslim"
"279",35.3277615,32.1882805,"muslim"
"280",35.3081114,32.125149,"muslim"
"281",35.2820464,32.2066829,"muslim"
"282",35.1979911,32.2252589,"muslim"
"283",35.2702025,32.2198582,"muslim"
"284",35.3312685,32.2094137,"muslim"
"285",35.3282802,32.0856418,"muslim"
"286",34.9717028,31.5202068,"muslim"
"287",35.080391,31.6337426,"muslim"
"288",35.3319153,32.209466,"muslim"
"289",35.110175,31.4520758,"muslim"
"290",35.2205389,32.2245452,"muslim"
"291",35.3194073,32.2166387,"muslim"
"292",35.1476658,31.5773559,"muslim"
"293",35.2947186,32.1907723,"muslim"
"294",35.2173043,32.2305065,"muslim"
"295",35.2963689,32.2201866,"muslim"
"296",35.0774027,31.4671535,"muslim"
"297",35.1965375,32.2238752,"muslim"
"298",35.2382781,32.2021659,"muslim"
"299",35.2463971,32.2349444,"muslim"
"300",35.2791043,32.2073977,"muslim"
"301",35.092333,31.5282123,"muslim"
"302",35.1902243,32.2530116,"muslim"
"303",35.2276435,32.2230578,"muslim"
"304",35.1079572,31.5496914,"muslim"
"305",35.2853903,32.2094254,"christian"
"306",35.2008617,32.2660657,"muslim"
"307",35.197072,32.2973044,"christian"
"308",35.0108508,31.4659209,"muslim"
"309",35.1199784,31.4569157,"muslim"
"310",35.2141557,32.275383,"muslim"
"311",35.2426762,32.0687797,"muslim"
"312",35.2831267,32.1934847,"muslim"
"313",35.0561502,31.4798505,"muslim"
"314",35.0999289,31.5366957,"muslim"
"315",35.1948837,32.3022066,"muslim"
"316",35.3665818,32.0569135,"muslim"
"317",35.1902295,32.2107111,"muslim"
"318",35.0875251,31.5407357,"muslim"
"319",35.2001547,32.1309198,"muslim"
"320",35.0913083,31.5499779,"muslim"
"321",35.0365596,31.6071793,"muslim"
"322",35.325122,32.0901736,"muslim"
"323",34.9454647,31.5072762,"muslim"
"324",35.0598443,31.5026817,"muslim"
"325",35.3101154,32.2235561,"muslim"
"326",35.1924062,32.2107214,"muslim"
"327",35.2432448,32.232306,"muslim"
"328",35.2647555,32.2215712,"muslim"
"329",34.9733181,31.4106064,"muslim"
"330",35.285811,32.1058542,"muslim"
"331",34.9755483,31.5185458,"muslim"
"332",35.2833665,32.1420594,"muslim"
"333",35.1963955,32.276699,"muslim"
"334",35.2458669,32.2218351,"muslim"
"335",35.1001289,31.4595567,"muslim"
"336",35.1880537,32.3014768,"muslim"
"337",35.2747787,32.2205624,"muslim"
"338",35.2686971,32.107948,"muslim"
"339",34.9476267,31.5097019,"muslim"
"340",35.2845785,32.1382921,"muslim"
"341",35.1616531,31.5201915,"muslim"
"342",35.3439397,32.1232702,"muslim"
"343",35.2598374,32.1577699,"muslim"
"344",35.2418619,32.2236544,"christian"
"345",35.0789882,31.4698541,"muslim"
"346",35.2690297,32.2130432,"muslim"
"347",35.2871075,32.1617204,"muslim"
"348",35.1929634,32.2764919,"muslim"
"349",35.1437811,31.5837717,"muslim"
"350",35.2908506,32.0878595,"muslim"
"351",35.2489707,32.1807167,"muslim"
"352",35.3300355,32.0842871,"muslim"
"353",35.0821112,31.5135654,"muslim"
"354",35.2157973,32.2922083,"muslim"
"355",34.9711042,31.4087072,"muslim"
"356",35.2936869,32.0715059,"muslim"
"357",35.3439933,32.1258567,"muslim"
"358",35.3671978,32.0568664,"muslim"
"359",35.2550346,32.2258375,"muslim"
"360",34.984561,31.4108393,"muslim"
"361",35.3031198,32.064981,"muslim"
"362",35.2090553,32.1314974,"muslim"
"363",34.9790541,31.4133972,"muslim"
"364",35.2158668,32.2925265,"muslim"
"365",35.1846517,32.2393759,"muslim"
"366",35.3738745,32.1928534,"muslim"
"367",35.2943338,32.0717934,"muslim"
"368",35.2599539,32.2492281,"muslim"
"369",35.3701474,32.191882,"muslim"
"370",35.2650466,32.2488851,"muslim"
"371",35.1167033,31.5135667,"muslim"
"372",35.0884108,31.449328,"muslim"
"373",35.0759697,31.5268538,"muslim"
"374",35.2563045,32.214484,"muslim"
"375",35.295923,32.1446276,"muslim"
"376",35.2493518,32.1795424,"muslim"
"377",35.2434169,32.0715664,"muslim"
"378",35.1910587,32.303028,"muslim"
"379",35.2937645,32.0702608,"muslim"
"380",35.0269298,31.4501841,"muslim"
"381",35.3708582,32.1927335,"muslim"
"382",35.2892228,32.1005729,"muslim"
"383",35.1983692,32.2759833,"muslim"
"384",35.2465024,32.1485461,"muslim"
"385",35.2163872,32.1991541,"muslim"
"386",35.2936147,32.0849531,"muslim"
"387",35.2524644,32.1390366,"muslim"
"388",35.330233,32.0851976,"muslim"
"389",35.1212618,31.5255933,"muslim"
"390",35.2668767,32.2491486,"muslim"
"391",35.2400199,32.2170621,"muslim"
"392",35.3667552,32.0607957,"muslim"
"393",35.1177386,31.4587958,"muslim"
"394",35.080522,31.5159237,"muslim"
"395",35.3670645,32.0608577,"muslim"
"396",35.0928097,31.5122436,"muslim"
"397",35.2589398,32.2131406,"muslim"
"398",35.2141497,32.1788562,"muslim"
"399",35.2119008,32.2005736,"muslim"
"400",35.1230055,31.458524,"muslim"
"401",35.165175,31.5171455,"muslim"
"402",35.084655,31.546392,"muslim"
"403",35.0085957,31.467433,"muslim"
"404",35.0905332,31.5527313,"muslim"
"405",35.220582,32.2269485,"muslim"
"406",35.1002601,31.5245083,"muslim"
"407",35.0150004,31.466348,"muslim"
"408",35.0774336,31.5194778,"muslim"
"409",35.1824968,32.2385118,"muslim"
"410",35.2806235,32.2103344,"muslim"
"411",35.1539783,31.6238944,"muslim"
"412",35.1937465,32.3003415,"muslim"
"413",35.0797882,31.6330884,"muslim"
"414",35.3356288,32.1762603,"muslim"
"415",35.2447441,32.14749,"muslim"
"416",35.3353751,32.17764,"muslim"
"417",35.1970522,32.266239,"muslim"
"418",35.1003598,31.5296993,"muslim"
"419",35.1577412,31.5173033,"muslim"
"420",35.2387457,32.2022688,"muslim"
"421",35.1206248,31.4647627,"muslim"
"422",35.274985,32.1920303,"muslim"
"423",35.3483696,32.1204419,"muslim"
"424",35.2411848,32.0714883,"muslim"
"425",35.2529042,32.2215232,"christian"
"426",35.2579238,32.0848796,"muslim"
"427",35.3300826,32.1770666,"muslim"
"428",35.0603041,31.4801718,"muslim"
"429",35.2845292,32.1980092,"muslim"
"430",35.2871005,32.1069931,"muslim"
"431",35.3096867,32.2228684,"muslim"
"432",35.1009075,31.5144046,"muslim"
"433",35.1022855,31.621575,"muslim"
"434",35.3220229,32.1015198,"muslim"
"435",35.2520478,32.138306,"muslim"
"436",35.3245007,32.2110155,"muslim"
"437",35.1031312,31.5419677,"muslim"
"438",35.2890189,32.1431662,"muslim"
"439",35.093126,31.4458628,"muslim"
"440",35.2689857,32.1101078,"muslim"
"441",35.2836894,32.1612321,"muslim"
"442",35.2096336,32.2342299,"muslim"
"443",35.0284691,31.5974212,"muslim"
"444",35.3299849,32.2089081,"muslim"
"445",35.1938958,32.2708699,"muslim"
"446",35.0858937,31.5284121,"muslim"
"447",35.2339233,32.2202757,"muslim"
"448",35.252446,32.1765412,"muslim"
"449",35.3472777,32.1274754,"muslim"
"450",35.090105,31.5418971,"muslim"
"451",35.1025973,31.5863012,"muslim"
"452",35.2580832,32.1492116,"muslim"
"453",35.3334839,32.0814524,"muslim"
"454",35.1074014,31.4411941,"muslim"
"455",35.1058953,31.521543,"muslim"
"456",35.0905987,31.5461963,"muslim"
"457",35.0192602,31.6005498,"muslim"
"458",35.2208178,32.224528,"muslim"
"459",35.189049,32.254226,"muslim"
"460",35.328307,32.0855559,"muslim"
"461",35.1849165,32.2395024,"muslim"
"462",35.1676713,31.5229864,"muslim"
"463",35.0825643,31.5591948,"muslim"
"464",35.2778412,32.1035026,"muslim"
"465",34.9531386,31.5063976,"muslim"
"466",35.2886347,32.1042643,"muslim"
"467",35.2532678,32.2208687,"muslim"
"468",35.2693071,32.2507906,"muslim"
"469",35.2658668,32.2197618,"muslim"
"470",35.337955,32.1242929,"muslim"
"471",35.286823,32.1432506,"muslim"
"472",35.2946859,32.0705222,"muslim"
"473",35.2645636,32.2211205,"muslim"
"474",35.3448026,32.1280209,"muslim"
"475",35.234275,32.2236159,"christian"
"476",35.1940265,32.2537151,"muslim"
"477",35.2627366,32.2168883,"muslim"
"478",35.2165998,32.1796916,"muslim"
"479",35.1080953,31.518732,"muslim"
"480",35.3677586,32.0569541,"muslim"
"481",35.2748906,32.1915011,"muslim"
"482",35.1455081,31.5844074,"muslim"
"483",35.1395768,31.5727686,"muslim"
"484",35.2722667,32.2131468,"muslim"
"485",35.2132286,32.2923938,"muslim"
"486",35.2156717,32.2741619,"muslim"
"487",34.9667913,31.5038959,"muslim"
"488",35.1341678,31.6229483,"muslim"
"489",35.3640774,32.0842697,"muslim"
"490",35.2118555,32.1995551,"muslim"
"491",35.1941978,32.2775162,"muslim"
"492",35.335633,32.1751766,"muslim"
"493",35.2374069,32.2215184,"muslim"
"494",35.225772,32.221985,"muslim"
"495",35.02829,31.5974924,"muslim"
"496",35.1407389,31.6228469,"muslim"
"497",35.3028739,32.2278621,"muslim"
"498",35.1424934,31.6275374,"muslim"
"499",35.0949545,31.4503002,"muslim"
"500",34.9735818,31.4105601,"muslim"
"501",35.1595409,31.6229226,"muslim"
"502",35.1887552,32.2132681,"muslim"
"503",35.2656895,32.2491553,"muslim"
"504",35.2557704,32.0827198,"muslim"
"505",35.2644478,32.2181009,"muslim"
"506",35.3014706,32.0808085,"muslim"
"507",35.2931091,32.1613515,"muslim"
"508",35.2666794,32.2156014,"muslim"
"509",35.0718108,31.3936807,"muslim"
"510",35.2764755,32.152666,"muslim"
"511",35.2501795,32.183862,"muslim"
"512",35.2854733,32.2126898,"muslim"
"513",35.2926516,32.1886855,"muslim"
"514",35.2699787,32.1095752,"muslim"
"515",35.1422813,31.6210732,"muslim"
"516",35.2026323,32.1298314,"muslim"
"517",35.096763,31.524519,"muslim"
"518",35.0810901,31.4496635,"muslim"
"519",35.073709,31.5234806,"muslim"
"520",35.0883275,31.453743,"muslim"
"521",35.1700496,31.5168218,"muslim"
"522",35.074915,31.3884046,"muslim"
"523",35.0903292,31.4514376,"muslim"
"524",35.0994328,31.4424254,"muslim"
"525",35.1055885,31.558147,"muslim"
"526",35.0960546,31.5831352,"muslim"
"527",35.1533105,31.5850309,"muslim"
"528",35.1059116,31.5178626,"muslim"
"529",35.1075404,31.5349556,"muslim"
"530",35.1091935,31.5311466,"muslim"
"531",35.0805404,31.5085888,"muslim"
"532",35.0887188,31.5044362,"muslim"
"533",35.1259208,31.4718446,"muslim"
"534",34.967176,31.5335307,"muslim"
"535",35.1036963,31.5284584,"muslim"
"536",35.1060543,31.5158357,"muslim"
"537",35.0800976,31.5536038,"muslim"
"538",35.1658692,31.5170517,"muslim"
"539",35.0649852,31.6486063,"muslim"
"540",35.0809441,31.5030027,"muslim"
"541",35.0139605,31.5987749,"muslim"
"542",35.058067,31.482757,"muslim"
"543",35.1068134,31.5859231,"muslim"
"544",35.0491446,31.5389251,"muslim"
"545",35.0808569,31.5291823,"muslim"
"546",35.0984618,31.553343,"muslim"
"547",35.0639915,31.6518025,"muslim"
"548",35.154499,31.6216794,"muslim"
"549",35.0603016,31.5080302,"muslim"
"550",35.1082014,31.5169391,"muslim"
"551",35.0138086,31.6010593,"muslim"
"552",35.065218,31.6521994,"muslim"
"553",35.1040292,31.6279888,"muslim"
"554",35.1207266,31.4539271,"muslim"
"555",35.088539,31.4487328,"muslim"
"556",35.2654043,31.7784965,"christian"
"557",35.2322051,31.8541515,"muslim"
"558",35.0179372,32.0269688,"muslim"
"559",35.2780983,31.7649831,"muslim"
"560",35.1542052,31.8384687,"muslim"
"561",35.2051119,31.9697571,"muslim"
"562",35.2578809,31.9863239,"muslim"
"563",35.2890877,32.0303018,"muslim"
"564",35.2957,31.9645896,"muslim"
"565",35.107613,31.8261736,"muslim"
"566",35.1968047,31.9038738,"christian"
"567",35.1665562,32.0396882,"muslim"
"568",35.2443511,31.9554097,"muslim"
"569",35.2840054,31.9986469,"muslim"
"570",35.2057344,31.8505402,"muslim"
"571",35.2725564,31.7702801,"muslim"
"572",35.28061,31.741974,"muslim"
"573",35.1466924,31.8340685,"muslim"
"574",35.2080456,32.0046929,"muslim"
"575",35.1146447,31.8855827,"muslim"
"576",35.1681937,32.0490625,"muslim"
"577",35.2729273,32.0028572,"muslim"
"578",35.2895111,31.9701653,"muslim"
"579",35.2722957,32.0020383,"muslim"
"580",35.263212,31.8569444,"muslim"
"581",35.0663315,31.8699034,"muslim"
"582",35.07701,31.9454764,"muslim"
"583",35.1689919,31.8874493,"muslim"
"584",35.1804636,32.0225202,"muslim"
"585",35.2525551,31.7668925,"muslim"
"586",35.1693741,31.9630802,"muslim"
"587",35.1656402,32.008898,"muslim"
"588",35.1491151,31.8345792,"muslim"
"589",35.2972255,31.9357596,"muslim"
"590",35.0431228,31.8596699,"muslim"
"591",35.1741982,31.9886241,"muslim"
"592",35.2290027,31.9723102,"muslim"
"593",35.0981812,31.9667453,"muslim"
"594",35.0438547,31.8874389,"muslim"
"595",35.1806138,32.0246624,"muslim"
"596",35.1964492,31.8472,"muslim"
"597",35.3022997,31.9522693,"christian"
"598",35.2080289,31.863045,"muslim"
"599",35.1147794,31.9157805,"muslim"
"600",35.2386004,31.8530378,"muslim"
"601",35.2549171,31.7708592,"muslim"
"602",35.1497663,31.8234332,"muslim"
"603",35.3087462,31.9895985,"muslim"
"604",35.2305484,31.8517277,"muslim"
"605",35.0053327,31.9344238,"muslim"
"606",35.2597184,31.8131861,"muslim"
"607",35.1313614,32.0551721,"muslim"
"608",35.089935,31.8948342,"muslim"
"609",35.2572516,31.9864821,"muslim"
"610",35.2623159,31.8554347,"muslim"
"611",35.0834093,31.8974013,"muslim"
"612",35.0236924,31.9469812,"muslim"
"613",35.1815599,31.9519621,"muslim"
"614",35.0390175,31.9865856,"muslim"
"615",35.1671364,31.8871174,"muslim"
"616",35.2586583,31.7656578,"muslim"
"617",35.2699083,31.7562801,"muslim"
"618",35.0624782,31.8711932,"muslim"
"619",35.1481298,31.952544,"muslim"
"620",35.130642,31.8591954,"muslim"
"621",35.255789,31.7715212,"christian"
"622",35.1418046,31.9046502,"muslim"
"623",35.0215564,31.9475561,"muslim"
"624",35.1778104,32.0406404,"muslim"
"625",35.2562734,31.77161,"muslim"
"626",35.2152651,31.9628497,"christian"
"627",35.2712196,31.910257,"muslim"
"628",35.2708677,32.0052121,"muslim"
"629",35.1084861,31.831039,"muslim"
"630",35.2096385,31.8819517,"muslim"
"631",35.3056995,32.0086315,"muslim"
"632",35.1663071,31.9781826,"muslim"
"633",35.1940135,31.8941222,"muslim"
"634",35.2716062,31.7665831,"muslim"
"635",35.2220445,32.0313997,"muslim"
"636",35.1875255,31.9503177,"muslim"
"637",35.2641854,31.7629097,"muslim"
"638",35.2001699,31.8965609,"christian"
"639",35.2448378,31.9548095,"muslim"
"640",35.148909,31.8323234,"muslim"
"641",35.1272146,32.0568786,"muslim"
"642",35.2576055,31.775905,"muslim"
"643",35.2046237,31.9205322,"muslim"
"644",35.2607324,31.9881136,"muslim"
"645",35.2227143,32.0315244,"muslim"
"646",35.2397058,31.9307363,"muslim"
"647",35.1050912,31.9433919,"muslim"
"648",35.3003997,31.9538347,"christian"
"649",35.2427592,31.97652,"muslim"
"650",35.1126552,32.0024425,"muslim"
"651",35.169707,31.9630856,"muslim"
"652",35.0052672,31.936179,"muslim"
"653",35.2735658,32.0044143,"muslim"
"654",35.2367287,31.9246725,"muslim"
"655",35.1927297,31.870122,"muslim"
"656",35.3479369,32.0207653,"muslim"
"657",35.1967141,31.846921,"muslim"
"658",35.2252123,31.879488,"muslim"
"659",35.2076097,31.9041059,"muslim"
"660",35.0984323,31.9667503,"muslim"
"661",35.2164921,31.9025861,"muslim"
"662",35.1544023,31.9869796,"muslim"
"663",35.0215642,31.9456714,"muslim"
"664",35.3081042,31.988862,"muslim"
"665",35.1501425,31.824573,"muslim"
"666",35.2569567,31.7714772,"christian"
"667",35.0053839,31.9350136,"muslim"
"668",35.2555836,31.9005071,"muslim"
"669",35.1364723,31.8405907,"muslim"
"670",35.1692767,31.9045845,"muslim"
"671",35.0747273,31.8859375,"muslim"
"672",35.2211602,31.9280116,"muslim"
"673",35.04458,31.9491493,"muslim"
"674",35.1708525,32.0423953,"muslim"
"675",35.158775,31.9905661,"muslim"
"676",35.0559365,31.9080196,"muslim"
"677",35.2059898,32.0035391,"muslim"
"678",35.2002654,31.896773,"christian"
"679",35.0116808,31.9782297,"muslim"
"680",35.2081533,31.892721,"muslim"
"681",35.1679228,31.8882375,"muslim"
"682",35.036146,31.9863147,"muslim"
"683",35.0936509,31.9717574,"muslim"
"684",35.1812909,31.9150989,"muslim"
"685",35.2048748,31.8875287,"muslim"
"686",35.298725,31.9533671,"christian"
"687",35.2595468,31.9781227,"muslim"
"688",35.0391803,32.0345245,"muslim"
"689",35.1252389,32.0168932,"muslim"
"690",35.0118184,31.976839,"muslim"
"691",35.1712552,31.884204,"muslim"
"692",35.2543687,31.7709551,"christian"
"693",35.2225026,31.872433,"muslim"
"694",35.1852554,31.9498828,"muslim"
"695",35.2707232,31.9093915,"muslim"
"696",35.3045254,31.9861259,"muslim"
"697",35.1762631,31.8994429,"muslim"
"698",35.2511902,31.9476232,"muslim"
"699",35.0212113,31.9459937,"muslim"
"700",35.0671439,31.8843123,"muslim"
"701",35.2899411,31.9599538,"christian"
"702",35.2136008,31.8836922,"muslim"
"703",35.1627272,32.0222863,"muslim"
"704",35.2107409,31.9612718,"muslim"
"705",35.090738,31.928768,"muslim"
"706",35.2092342,31.952308,"muslim"
"707",35.1311974,32.0550535,"muslim"
"708",35.2592585,31.9862045,"muslim"
"709",35.0658162,31.9005978,"muslim"
"710",35.1791699,31.8974855,"muslim"
"711",35.2741406,31.8779302,"muslim"
"712",35.1933005,31.8694474,"muslim"
"713",35.2149037,31.960489,"christian"
"714",35.2229253,31.8779849,"muslim"
"715",35.1593057,31.9883334,"muslim"
"716",35.2795987,31.763273,"muslim"
"717",35.1806965,31.8165185,"muslim"
"718",35.2686618,31.8367909,"muslim"
"719",35.1733615,31.9572715,"muslim"
"720",35.2155991,31.9039416,"muslim"
"721",35.2008881,31.968395,"christian"
"722",35.2752162,32.0043333,"muslim"
"723",35.270688,31.7632442,"muslim"
"724",35.0971011,32.0482674,"muslim"
"725",35.2759078,32.0040616,"muslim"
"726",35.2998341,31.9295137,"muslim"
"727",35.0686534,32.0173127,"christian"
"728",35.2645952,31.7754519,"muslim"
"729",35.2625221,31.7751057,"christian"
"730",35.0672517,31.8697089,"muslim"
"731",35.2997731,31.9287085,"muslim"
"732",35.1141208,31.9771403,"muslim"
"733",35.128744,32.054474,"muslim"
"734",35.1601814,31.9984359,"muslim"
"735",35.1588431,31.9989801,"muslim"
"736",35.2643125,32.0323787,"muslim"
"737",35.1703404,31.9101066,"muslim"
"738",35.1036348,32.033542,"muslim"
"739",35.1733812,32.0423543,"muslim"
"740",35.2558735,31.8091309,"muslim"
"741",35.2016488,31.9088999,"muslim"
"742",35.2241253,31.8723765,"muslim"
"743",35.3015506,31.9524137,"christian"
"744",35.2305809,31.9733979,"muslim"
"745",35.1952468,31.8541051,"muslim"
"746",35.085443,31.8948852,"muslim"
"747",35.1180765,32.0501666,"muslim"
"748",35.1903962,31.9608204,"muslim"
"749",35.2155552,31.9612704,"christian"
"750",35.0196695,31.9445669,"muslim"
"751",35.1224696,31.8344606,"muslim"
"752",35.1952909,32.032592,"muslim"
"753",35.0190464,32.0285301,"muslim"
"754",35.2675758,31.743415,"muslim"
"755",35.1494011,31.9288644,"muslim"
"756",35.1491907,31.8242715,"muslim"
"757",35.0686468,32.0156607,"muslim"
"758",35.0733079,31.9489725,"muslim"
"759",35.1917068,31.8710985,"muslim"
"760",35.2699071,31.7319922,"muslim"
"761",35.142605,31.9058397,"muslim"
"762",35.2807746,31.8944465,"muslim"
"763",35.2024513,32.0370594,"muslim"
"764",35.2602515,31.8351601,"muslim"
"765",35.1261675,31.8694012,"muslim"
"766",35.2214814,31.9481573,"muslim"
"767",35.1350171,31.8402987,"christian"
"768",35.2056329,31.8631484,"muslim"
"769",35.0581632,31.9070282,"muslim"
"770",35.2265755,31.8562797,"muslim"
"771",35.0584382,31.9031091,"muslim"
"772",35.257073,31.7369113,"muslim"
"773",35.2558779,31.7704232,"muslim"
"774",35.0963846,31.9248114,"muslim"
"775",35.0355127,31.9845149,"muslim"
"776",35.2107518,31.9182971,"muslim"
"777",35.2394469,31.9247223,"muslim"
"778",35.1733493,31.9638941,"muslim"
"779",35.161443,31.9547963,"muslim"
"780",35.1045089,31.8564487,"muslim"
"781",35.1960134,31.8464078,"muslim"
"782",35.2252919,31.8523924,"muslim"
"783",35.1789071,31.8165561,"muslim"
"784",35.2587593,31.8051644,"muslim"
"785",35.2122993,31.9513801,"muslim"
"786",35.2617794,32.0402718,"muslim"
"787",35.2263433,31.9564823,"muslim"
"788",35.104019,31.9665778,"muslim"
"789",35.1965915,31.9701723,"muslim"
"790",35.2275161,31.871109,"muslim"
"791",35.1243687,31.8688768,"muslim"
"792",35.3109459,32.0063582,"muslim"
"793",35.2679544,31.8367624,"muslim"
"794",35.1243465,31.8693051,"muslim"
"795",35.1462508,32.0311554,"muslim"
"796",35.2966611,31.9620174,"muslim"
"797",35.1039121,31.9260392,"muslim"
"798",35.1283229,32.0535447,"muslim"
"799",35.278244,31.8738627,"muslim"
"800",35.1852664,31.8479858,"muslim"
"801",35.1049397,32.0296162,"muslim"
"802",35.148078,31.9262297,"muslim"
"803",35.2614901,31.9881155,"muslim"
"804",35.1042035,32.0295343,"muslim"
"805",35.210848,31.894559,"muslim"
"806",35.2069605,31.8628892,"muslim"
"807",35.070889,31.9265158,"muslim"
"808",35.2017623,31.9692148,"muslim"
"809",35.2027178,32.0305607,"muslim"
"810",35.2514638,31.9193902,"muslim"
"811",35.117825,31.9156796,"muslim"
"812",35.0496876,31.9723184,"muslim"
"813",35.0705273,31.9267626,"muslim"
"814",35.1839841,31.8514483,"muslim"
"815",35.1640231,31.895268,"muslim"
"816",35.2326689,31.8551084,"muslim"
"817",35.2855192,32.0367109,"muslim"
"818",35.2209976,31.8896496,"muslim"
"819",35.1960221,31.9041853,"muslim"
"820",35.2549431,31.8946595,"muslim"
"821",35.2118313,31.9040101,"muslim"
"822",35.1987536,31.9958994,"muslim"
"823",35.2353632,31.8467313,"muslim"
"824",35.0686957,31.8690658,"muslim"
"825",35.070533,31.8704392,"muslim"
"826",35.2627971,31.7567712,"muslim"
"827",35.2182985,31.9126089,"muslim"
"828",35.1984371,31.8592433,"muslim"
"829",35.2463177,31.8102635,"muslim"
"830",35.17068,31.9673576,"muslim"
"831",35.2772864,31.8732399,"muslim"
"832",35.1514166,31.8468239,"muslim"
"833",35.2467231,31.852646,"muslim"
"834",35.0213806,31.9475358,"muslim"
"835",35.2559505,31.7708188,"muslim"
"836",35.071291,31.9441681,"muslim"
"837",35.2342997,31.851653,"muslim"
"838",35.2736259,32.0040982,"muslim"
"839",35.2685964,31.8188763,"muslim"
"840",35.0494928,31.9711879,"muslim"
"841",35.1429857,31.906991,"christian"
"842",35.096784,31.9298816,"muslim"
"843",35.1651194,32.0489471,"muslim"
"844",35.2312498,31.8489757,"muslim"
"845",35.2856878,32.0338528,"muslim"
"846",35.1111839,31.852619,"muslim"
"847",35.1126865,31.8869193,"muslim"
"848",35.0176161,32.026014,"muslim"
"849",35.0952357,31.9708308,"muslim"
"850",35.1745018,31.8836388,"muslim"
"851",35.0671154,32.0167108,"christian"
"852",35.1052393,32.0307823,"muslim"
"853",35.2081558,32.0035452,"muslim"
"854",35.2014414,31.8989186,"christian"
"855",35.1163811,31.9744929,"muslim"
"856",35.1161143,31.9420102,"muslim"
"857",35.2851392,32.0375904,"muslim"
"858",35.265753,31.7630042,"muslim"
"859",35.3466664,32.0202971,"muslim"
"860",35.1798458,31.8942939,"muslim"
"861",35.2139822,31.945756,"muslim"
"862",35.0060423,31.9734997,"muslim"
"863",35.2576253,31.8587932,"muslim"
"864",35.2640871,31.7483988,"muslim"
"865",35.1479034,32.0344039,"muslim"
"866",35.1712935,32.0491833,"muslim"
"867",35.076454,32.0012273,"muslim"
"868",35.1964618,31.9023419,"christian"
"869",35.2615096,31.8134394,"muslim"
"870",35.2434141,31.9748665,"muslim"
"871",35.1274549,32.0567334,"muslim"
"872",35.3021297,32.0166588,"muslim"
"873",35.0118349,31.978484,"muslim"
"874",35.1238405,32.0427966,"muslim"
"875",35.131232,31.8592391,"muslim"
"876",35.2151308,31.9057607,"muslim"
"877",35.1691372,31.9632431,"muslim"
"878",35.244287,31.954321,"muslim"
"879",35.3091812,31.9897366,"muslim"
"880",35.2728255,31.8775064,"muslim"
"881",35.2819925,31.7676386,"muslim"
"882",35.1851728,31.8488276,"muslim"
"883",35.1263394,31.9177265,"muslim"
"884",35.25185,31.953138,"muslim"
"885",35.0466234,31.9493075,"muslim"
"886",35.0446689,31.8869178,"muslim"
"887",35.2615092,31.7720026,"muslim"
"888",35.2360113,31.8500222,"muslim"
"889",35.2623895,31.9678299,"muslim"
"890",35.2139728,31.9504268,"muslim"
"891",35.1244086,32.0174721,"muslim"
"892",35.2771556,31.8723738,"muslim"
"893",35.0836896,31.8959402,"muslim"
"894",35.11986,32.0481766,"muslim"
"895",35.253692,31.8949683,"muslim"
"896",35.2093337,31.9518536,"muslim"
"897",35.1150867,31.9759945,"muslim"
"898",35.2128241,31.9249238,"muslim"
"899",35.2271245,31.8676536,"muslim"
"900",35.1643884,31.9784086,"muslim"
"901",35.1876786,31.9743862,"muslim"
"902",34.9944319,31.9659487,"muslim"
"903",35.114161,31.915707,"muslim"
"904",35.349012,32.019164,"muslim"
"905",35.2037032,32.0368008,"muslim"
"906",35.0866534,31.8933664,"muslim"
"907",35.0974099,32.047763,"muslim"
"908",35.1208882,31.9387357,"muslim"
"909",35.2838125,31.7581945,"muslim"
"910",35.2077796,31.8292949,"muslim"
"911",35.1979074,31.8595437,"muslim"
"912",35.0950309,31.9281669,"muslim"
"913",35.2761523,31.8744696,"muslim"
"914",35.1335118,32.1990422,"muslim"
"915",34.9889409,32.159584,"muslim"
"916",35.0455911,32.1522748,"muslim"
"917",35.1605984,32.1918927,"muslim"
"918",35.0584555,32.1767326,"muslim"
"919",35.1315602,32.2044756,"muslim"
"920",34.980914,32.1637657,"muslim"
"921",34.9917577,32.1561225,"muslim"
"922",35.1305404,32.179311,"muslim"
"923",35.0910353,32.1825454,"muslim"
"924",35.1261321,32.2069076,"muslim"
"925",35.1707248,32.2141539,"muslim"
"926",35.1712193,32.2120283,"muslim"
"927",35.0555084,32.1779231,"muslim"
"928",34.9784429,32.1640594,"muslim"
"929",35.0195225,32.1405674,"muslim"
"930",34.9913136,32.1581801,"muslim"
"931",34.9785217,32.1635626,"muslim"
"932",35.1301952,32.2052279,"muslim"
"933",34.9765022,32.1657838,"muslim"
"934",35.0128446,32.1432071,"muslim"
"935",34.981718,32.1618855,"muslim"
"936",34.9787509,32.161847,"muslim"
"937",35.1717029,32.2105583,"muslim"
"938",35.0364042,32.1725137,"muslim"
"939",35.1325098,32.2007957,"muslim"
"940",35.0499325,32.1530982,"muslim"
"941",34.9760168,32.1960282,"muslim"
"942",34.980214,32.1945646,"muslim"
"943",34.968194,32.1961849,"muslim"
"944",34.9632945,32.1932866,"muslim"
"945",34.970931,32.1895458,"muslim"
"946",34.9778455,32.1838817,"muslim"
"947",34.9772048,32.1889589,"muslim"
"948",34.9790374,32.186444,"muslim"
"949",35.4508478,31.8504312,"muslim"
"950",35.443875,32.026259,"muslim"
"951",35.4686414,31.8518865,"muslim"
"952",35.4765353,31.8613631,"muslim"
"953",35.4342777,31.8404738,"muslim"
"954",35.4663345,31.8662075,"muslim"
"955",35.4510445,31.8559627,"christian"
"956",35.4439679,32.0233297,"muslim"
"957",35.4656179,31.9560922,"muslim"
"958",35.437869,31.8382618,"muslim"
"959",35.4682302,31.9485967,"muslim"
"960",35.4620239,31.8616693,"muslim"
"961",35.4436754,31.8368809,"muslim"
"962",35.4562001,31.856279,"christian"
"963",35.4332637,31.8907167,"muslim"
"964",35.471074,31.9463241,"muslim"
"965",35.4903018,31.8386545,"muslim"
"966",35.4652615,31.9429302,"muslim"
"967",35.4370084,32.0325889,"muslim"
"968",35.4402116,31.842702,"muslim"
"969",35.4616065,31.8851236,"muslim"
"970",35.4508911,31.8598122,"christian"
"971",35.4313161,31.8727061,"christian"
"972",35.4374204,31.8611886,"muslim"
"973",35.4366937,31.8438447,"muslim"
"974",35.4497516,31.8612213,"muslim"
"975",35.4576461,31.9469602,"muslim"
"976",35.4525387,31.8818731,"muslim"
"977",35.4616203,31.854578,"muslim"
"978",35.4334295,31.8910699,"muslim"
"979",35.4561271,31.856911,"christian"
"980",35.435744,31.8386876,"muslim"
"981",35.4421133,31.8340747,"muslim"
"982",35.2382464,32.1091739,"muslim"
"983",35.2333629,32.1048179,"muslim"
"984",35.2389071,32.1099347,"muslim"
"985",35.1020463,32.1217378,"muslim"
"986",35.0998916,32.1279132,"muslim"
"987",35.0749905,32.1120416,"muslim"
"988",35.1387791,32.1310979,"muslim"
"989",35.0426781,32.0785741,"muslim"
"990",35.1397736,32.1135576,"muslim"
"991",35.1400078,32.1299609,"muslim"
"992",35.0796525,32.0703346,"muslim"
"993",35.0234833,32.0651602,"muslim"
"994",35.0755385,32.1134969,"muslim"
"995",35.177358,32.0837644,"muslim"
"996",35.0812952,32.0653521,"muslim"
"997",35.1577173,32.1183773,"muslim"
"998",35.0907285,32.1042176,"muslim"
"999",35.1937695,32.1127182,"muslim"
"1000",35.1407973,32.1308829,"muslim"
"1001",35.1778576,32.0620563,"muslim"
"1002",35.1479166,32.0682911,"muslim"
"1003",35.080752,32.0660111,"muslim"
"1004",35.0780138,32.1127431,"muslim"
"1005",35.1703475,32.0911996,"muslim"
"1006",35.1785992,32.090077,"muslim"
"1007",35.0977727,32.1169887,"muslim"
"1008",35.0453366,32.0990794,"muslim"
"1009",35.1009052,32.1284537,"muslim"
"1010",35.0272322,32.0635384,"muslim"
"1011",35.1867854,32.084125,"muslim"
"1012",35.139219,32.1353731,"muslim"
"1013",35.0397755,32.0963318,"muslim"
"1014",35.0997981,32.1277444,"muslim"
"1015",35.1511313,32.0700483,"muslim"
"1016",35.0202267,32.0666817,"muslim"
"1017",35.0841007,32.0648951,"muslim"
"1018",35.0995332,32.1295104,"muslim"
"1019",35.0819542,32.0671381,"muslim"
"1020",35.178221,32.0818602,"muslim"
"1021",35.2369481,32.1082601,"muslim"
"1022",35.1713211,32.0891407,"muslim"
"1023",35.1847481,32.1374788,"muslim"
"1024",35.1780591,32.0620507,"muslim"
"1025",35.1965434,32.1116896,"muslim"
"1026",35.2250634,32.1043347,"muslim"
"1027",35.1446072,32.1289804,"muslim"
"1028",35.1577151,32.1205427,"muslim"
"1029",35.0509479,32.1073279,"muslim"
"1030",35.2373,32.1088557,"muslim"
"1031",35.127566,32.316787,"muslim"
"1032",35.0426514,32.2272847,"muslim"
"1033",35.1927611,32.1116828,"muslim"
"1034",35.0259807,32.0647969,"muslim"
"1035",35.2253461,32.1038034,"muslim"
"1036",35.1711401,32.1221962,"muslim"
"1037",35.108448,32.3696611,"muslim"
"1038",35.0885523,32.1034939,"muslim"
"1039",35.140023,32.1144555,"muslim"
"1040",35.0509838,32.1080796,"muslim"
"1041",35.1423778,32.1150973,"muslim"
"1042",35.0506376,32.1069674,"muslim"
"1043",35.1091139,32.3331171,"muslim"
"1044",35.0279795,32.3061003,"muslim"
"1045",35.0365803,32.0951527,"muslim"
"1046",35.1013573,32.1232006,"muslim"
"1047",35.0889844,32.1153956,"muslim"
"1048",35.0449804,32.0779642,"muslim"
"1049",35.1091765,32.3737448,"muslim"
"1050",35.1262366,32.3038702,"muslim"
"1051",35.0393726,32.3183896,"muslim"
"1052",35.1074514,32.3713134,"muslim"
"1053",35.0515722,32.3855034,"muslim"
"1054",35.0359383,32.3335337,"muslim"
"1055",35.1193973,32.3853285,"muslim"
"1056",35.0242713,32.3032819,"muslim"
"1057",35.1487933,32.2852303,"muslim"
"1058",35.0716816,32.4109944,"muslim"
"1059",35.0841787,32.427993,"muslim"
"1060",35.1301851,32.2631446,"muslim"
"1061",35.0255176,32.325605,"muslim"
"1062",35.0528558,32.3257356,"muslim"
"1063",35.0293114,32.3196649,"muslim"
"1064",35.0732691,32.363547,"muslim"
"1065",35.0378284,32.328873,"muslim"
"1066",35.0595271,32.3209909,"muslim"
"1067",35.0722634,32.3694366,"muslim"
"1068",35.1099099,32.2614398,"muslim"
"1069",35.0673283,32.3738985,"muslim"
"1070",35.0673918,32.3845105,"muslim"
"1071",35.052216,32.3268666,"muslim"
"1072",35.0764749,32.3521083,"muslim"
"1073",35.0725779,32.3679898,"muslim"
"1074",35.0855977,32.2243248,"muslim"
"1075",35.0349402,32.3362319,"muslim"
"1076",35.0285084,32.28865,"muslim"
"1077",35.1332518,32.2598579,"muslim"
"1078",35.0424532,32.3100856,"muslim"
"1079",35.1072121,32.4110913,"muslim"
"1080",35.1238972,32.3179516,"muslim"
"1081",35.1307985,32.2617626,"muslim"
"1082",35.0564016,32.3258645,"muslim"
"1083",35.0714603,32.2242061,"muslim"
"1084",35.0502729,32.2825542,"muslim"
"1085",35.0436796,32.3234037,"muslim"
"1086",35.1198364,32.3092933,"muslim"
"1087",35.1157672,32.3106926,"muslim"
"1088",35.0704818,32.407604,"muslim"
"1089",35.1110661,32.2973978,"muslim"
"1090",35.0172396,32.2964565,"muslim"
"1091",35.1153214,32.3098885,"muslim"
"1092",35.0371491,32.304862,"muslim"
"1093",35.019599,32.3000321,"muslim"
"1094",35.1110731,32.2619544,"muslim"
"1095",35.0777815,32.3537699,"muslim"
"1096",35.1531193,32.2892087,"muslim"
"1097",35.0480163,32.3856738,"muslim"
"1098",35.0508446,32.2932334,"muslim"
"1099",35.0207247,32.3097679,"muslim"
"1100",35.0960835,32.4080533,"muslim"
"1101",35.1159034,32.310511,"muslim"
"1102",35.084535,32.4324324,"muslim"
"1103",35.1259264,32.3166362,"muslim"
"1104",35.0644709,32.244259,"muslim"
"1105",35.0694923,32.4103949,"muslim"
"1106",35.0411849,32.2953392,"muslim"
"1107",35.0552107,32.4157724,"muslim"
"1108",35.0495611,32.3471018,"muslim"
"1109",35.0366835,32.3081093,"muslim"
"1110",35.0318949,32.2981405,"muslim"
"1111",35.1144223,32.3067046,"muslim"
"1112",35.0525814,32.3449768,"muslim"
"1113",35.1171059,32.3073592,"muslim"
"1114",35.0836451,32.274664,"muslim"
"1115",35.0481725,32.3844621,"muslim"
"1116",35.0233189,32.3093886,"muslim"
"1117",35.1055923,32.3696181,"muslim"
"1118",35.1016208,32.3287489,"muslim"
"1119",35.0206393,32.2853833,"muslim"
"1120",35.084424,32.4347331,"muslim"
"1121",35.063694,32.2535668,"muslim"
"1122",35.0229136,32.2860666,"muslim"
"1123",35.04943,32.3851553,"muslim"
"1124",35.0396638,32.3140066,"muslim"
"1125",35.1177426,32.3836812,"muslim"
"1126",35.098457,32.2351896,"muslim"
"1127",35.1220034,32.3854503,"muslim"
"1128",35.083596,32.4025426,"muslim"
"1129",35.035573,32.3331169,"muslim"
"1130",35.0447992,32.3140941,"muslim"
"1131",35.1285287,32.2590525,"muslim"
"1132",35.0344123,32.2886411,"muslim"
"1133",35.0193512,32.3172129,"muslim"
"1134",35.0711097,32.3714018,"muslim"
"1135",35.1121862,32.3300105,"muslim"
"1136",35.1185885,32.3109375,"muslim"
"1137",35.080109,32.3535293,"muslim"
"1138",35.0419708,32.3133094,"muslim"
"1139",35.0612633,32.2513148,"muslim"
"1140",35.0562662,32.4143707,"muslim"
"1141",35.2885271,32.4624614,"muslim"
"1142",35.2889107,32.4626426,"muslim"
"1143",35.2855972,32.4602986,"muslim"
"1144",35.2904129,32.4597127,"muslim"
"1145",35.3844893,32.3872638,"muslim"
"1146",35.3787226,32.3899604,"muslim"
"1147",35.3684224,32.3897155,"muslim"
"1148",35.3410453,32.4014415,"muslim"
"1149",35.3848673,32.4211599,"muslim"
"1150",35.3839661,32.4216308,"muslim"
"1151",35.3849365,32.4210739,"muslim"
"1152",35.4075125,32.4204615,"muslim"
"1153",35.3405877,32.3728444,"muslim"
"1154",35.3396438,32.3713422,"muslim"
"1155",35.3630001,32.4266646,"muslim"
"1156",35.3637895,32.4562479,"muslim"
"1157",35.3583961,32.457006,"muslim"
"1158",35.3680154,32.4542957,"muslim"
"1159",35.4005132,32.4891966,"muslim"
"1160",35.3986483,32.491238,"muslim"
"1161",35.3985708,32.4914952,"muslim"
"1162",35.404242,32.4911385,"muslim"
"1163",35.4020642,32.4906444,"muslim"
"1164",35.3928566,32.4941847,"muslim"
"1165",35.2759014,32.3919495,"muslim"
"1166",35.2787836,32.4027684,"muslim"
"1167",35.2759484,32.4051949,"muslim"
"1168",35.2803825,32.4097227,"muslim"
"1169",35.2850144,32.4095081,"muslim"
"1170",35.2752472,32.4071475,"muslim"
"1171",35.2474837,32.395968,"muslim"
"1172",35.236808,32.397945,"muslim"
"1173",35.2498017,32.3961608,"muslim"
"1174",35.2364286,32.3965312,"muslim"
"1175",35.2377018,32.3972156,"muslim"
"1176",35.2319544,32.3746932,"muslim"
"1177",35.2323946,32.3758613,"muslim"
"1178",35.3139749,32.5087215,"muslim"
"1179",35.3140024,32.5087858,"muslim"
"1180",35.3212538,32.4984334,"muslim"
"1181",35.3222283,32.4993702,"muslim"
"1182",35.3500843,32.4962463,"muslim"
"1183",35.3503115,32.4961719,"muslim"
"1184",35.3642587,32.5119536,"muslim"
"1185",35.3649855,32.5115846,"muslim"
"1186",35.2261569,32.4850265,"muslim"
"1187",35.2251452,32.4848518,"muslim"
"1188",35.2303712,32.4915955,"muslim"
"1189",35.2275107,32.4880568,"muslim"
"1190",35.2614426,32.456077,"muslim"
"1191",35.2583658,32.4546676,"muslim"
"1192",35.2619555,32.4554465,"muslim"
"1193",35.2600613,32.4575973,"christian"
"1194",35.2605153,32.4566565,"muslim"
"1195",35.2601121,32.456315,"christian"
"1196",35.2670977,32.4302962,"muslim"
"1197",35.2765917,32.429804,"muslim"
"1198",35.2703828,32.4135475,"muslim"
"1199",35.324284,32.384799,"muslim"
"1200",35.3245212,32.3871394,"christian"
"1201",35.2035477,32.4443843,"muslim"
"1202",35.3070128,32.4618937,"muslim"
"1203",35.2989211,32.4648467,"muslim"
"1204",35.3010592,32.4584507,"muslim"
"1205",35.3127093,32.4581158,"muslim"
"1206",35.3180126,32.4635799,"muslim"
"1207",35.2970913,32.4570226,"muslim"
"1208",35.2979281,32.4888286,"muslim"
"1209",35.3024593,32.4726015,"muslim"
"1210",35.3024176,32.4836982,"muslim"
"1211",34.7707817,32.0799641,"jewish"
"1212",34.8507269,32.3214046,"jewish"
"1213",34.7723073,32.082621,"jewish"
"1214",35.0573436,32.0319652,"jewish"
"1215",35.0600893,32.0306381,"jewish"
"1216",35.0002127,32.7670607,"jewish"
"1217",34.5050191,31.5274963,"muslim"
"1218",34.5069187,31.5071348,"muslim"
"1219",34.539271,31.5427758,"muslim"
"1220",34.490427,31.524722,"muslim"
"1221",34.5092479,31.5292818,"muslim"
"1222",34.541949,31.5377168,"muslim"
"1223",34.5044033,31.5380942,"muslim"
"1224",34.4922877,31.5336578,"muslim"
"1225",34.4980944,31.5334414,"muslim"
"1226",34.5002435,31.5315184,"muslim"
"1227",34.4953602,31.5319233,"muslim"
"1228",34.506916,31.5362365,"muslim"
"1229",34.5334319,31.5421235,"muslim"
"1230",34.4839751,31.526005,"muslim"
"1231",34.4998152,31.5306456,"muslim"
"1232",34.5140446,31.5347897,"muslim"
"1233",34.528702,31.5429278,"muslim"
"1234",34.4887489,31.5233876,"muslim"
"1235",34.4908337,31.5276712,"muslim"
"1236",34.5256172,31.5390633,"muslim"
"1237",34.4975262,31.5263429,"muslim"
"1238",34.4966078,31.5288249,"muslim"
"1239",34.4979535,31.5458351,"muslim"
"1240",34.4780082,31.5243347,"muslim"
"1241",34.4534214,31.4912795,"muslim"
"1242",34.4627697,31.5051339,"muslim"
"1243",34.4617709,31.5086855,"muslim"
"1244",34.469009,31.5171322,"muslim"
"1245",34.4813209,31.5222519,"muslim"
"1246",34.4298833,31.5024967,"muslim"
"1247",34.4466689,31.5359046,"muslim"
"1248",34.4436963,31.4999772,"muslim"
"1249",34.4668225,31.5274163,"muslim"
"1250",34.4445667,31.5010918,"muslim"
"1251",34.479288,31.5288254,"muslim"
"1252",34.4637665,31.5055401,"muslim"
"1253",34.4503421,31.5339659,"muslim"
"1254",34.4825007,31.5276682,"muslim"
"1255",34.4270307,31.5036393,"muslim"
"1256",34.4445546,31.523767,"muslim"
"1257",34.4711397,31.5245295,"muslim"
"1258",34.4611586,31.5067462,"muslim"
"1259",34.4723146,31.5262925,"muslim"
"1260",34.441359,31.5307177,"muslim"
"1261",34.4687064,31.5245485,"muslim"
"1262",34.4518004,31.4943101,"muslim"
"1263",34.4470998,31.5294541,"muslim"
"1264",34.4664219,31.5055512,"muslim"
"1265",34.4445732,31.5296217,"muslim"
"1266",34.4737681,31.5220693,"muslim"
"1267",34.4612447,31.5087521,"muslim"
"1268",34.4436743,31.5334216,"muslim"
"1269",34.4853326,31.5149376,"muslim"
"1270",34.4496536,31.5333943,"muslim"
"1271",34.4513864,31.4971176,"muslim"
"1272",34.446058,31.5373445,"muslim"
"1273",34.4213659,31.4703012,"muslim"
"1274",34.4325166,31.5229996,"muslim"
"1275",34.4501788,31.5299826,"muslim"
"1276",34.3928002,31.4251533,"muslim"
"1277",34.3920788,31.4600725,"muslim"
"1278",34.342484,31.4266459,"muslim"
"1279",34.3324875,31.3715116,"muslim"
"1280",34.3448395,31.4185158,"muslim"
"1281",34.3520918,31.4168779,"muslim"
"1282",34.3313683,31.3751528,"muslim"
"1283",34.338641,31.4101182,"muslim"
"1284",34.3515816,31.4194285,"muslim"
"1285",34.3241946,31.3630799,"muslim"
"1286",34.3159036,31.3672635,"muslim"
"1287",34.3444379,31.4141014,"muslim"
"1288",34.3510339,31.4154363,"muslim"
"1289",34.3536735,31.4115727,"muslim"
"1290",34.33968,31.4196513,"muslim"
"1291",34.3473632,31.4213489,"muslim"
"1292",34.3652229,31.4292861,"muslim"
"1293",34.3516674,31.3674066,"muslim"
"1294",34.3344483,31.3944149,"muslim"
"1295",34.389622,31.4571965,"muslim"
"1296",34.3550673,31.3891994,"muslim"
"1297",34.3402163,31.3694866,"muslim"
"1298",34.3371797,31.367309,"muslim"
"1299",34.2405096,31.3028215,"muslim"
"1300",34.2963671,31.3525256,"muslim"
"1301",34.2890752,31.3252009,"muslim"
"1302",34.2704045,31.2853393,"muslim"
"1303",34.3178204,31.3596065,"muslim"
"1304",34.2751593,31.283981,"muslim"
"1305",34.2500634,31.2753369,"muslim"
"1306",34.2666897,31.2799814,"muslim"
"1307",34.2943772,31.2827903,"muslim"
"1308",34.2528021,31.3025141,"muslim"
"1309",34.2887601,31.2602698,"muslim"
"1310",34.3612242,31.3070755,"muslim"
"1311",34.3007394,31.3458207,"muslim"
"1312",34.2715871,31.2741699,"muslim"
"1313",34.3005706,31.3558999,"muslim"
"1314",34.2753203,31.27678,"muslim"
"1315",34.3472481,31.3236655,"muslim"
"1316",34.3025448,31.3436696,"muslim"
"1317",34.2763436,31.2686954,"muslim"
"1318",34.2501088,31.3015713,"muslim"
"1319",34.3472896,31.3201684,"muslim"
"1320",34.3519613,31.3386321,"muslim"
"1321",34.2599878,31.3011763,"muslim"
"1322",34.3557483,31.3093094,"muslim"
"1323",34.2600609,31.28133,"muslim"
"1324",34.3289982,31.2926676,"muslim"
"1325",34.2460332,31.2934511,"muslim"
"1326",34.2574824,31.2690438,"muslim"
"1327",34.2484524,31.3430227,"muslim"
"1328",34.2608377,31.284051,"muslim"
"1329",34.2588456,31.2884236,"muslim"
"1330",34.2386586,31.3371038,"muslim"
"1331",34.2646586,31.2931564,"muslim"
"1332",34.2808691,31.2695359,"muslim"
"1333",34.2589459,31.2711751,"muslim"
"1334",34.2678825,31.2738809,"muslim"
"1335",34.3459248,31.3362347,"muslim"
"1336",34.3093424,31.3438457,"muslim"
"1337",34.255233,31.2877892,"muslim"
"1338",34.2599042,31.2732081,"muslim"
"1339",34.3224462,31.3594956,"muslim"
"1340",34.2588854,31.2937741,"muslim"
"1341",34.2529215,31.272508,"muslim"
"1342",34.2544376,31.266552,"muslim"
"1343",34.2636942,31.2531025,"muslim"
"1344",34.347217,31.3445332,"muslim"
"1345",34.2423622,31.296953,"muslim"
"1346",34.2633161,31.2703179,"muslim"
"1347",34.2520866,31.2772011,"muslim"
"1348",34.3522595,31.324471,"muslim"
"1349",34.2728885,31.268799,"muslim"
"1350",34.268322,31.2637281,"muslim"
"1351",34.2497653,31.3012982,"muslim"
"1352",35.1998457,31.7092751,"christian"
"1353",34.774043,32.0962806,"jewish"
"1354",34.9523898,29.5612142,"jewish"
"1355",34.853508,32.3196262,"jewish"
"1356",34.8607945,32.3242963,"jewish"
"1357",34.9212477,32.4271972,"jewish"
"1358",34.8586336,32.3230681,"jewish"
"1359",34.8595689,32.3222342,"jewish"
"1360",35.2061125,31.7610765,"christian"
"1361",35.230436,31.7759179,"christian"
"1362",34.8561613,32.3315696,"jewish"
"1363",34.8579637,32.3299595,"jewish"
"1364",34.8584604,32.3303906,"jewish"
"1365",34.8550111,32.3269424,"jewish"
"1366",34.8598172,32.3308917,"jewish"
"1367",34.8646985,32.336512,"jewish"
"1368",34.8488169,32.1575251,"jewish"
"1369",35.2422214,31.7918583,"jewish"
"1370",35.2493332,31.7863073,"christian"
"1371",34.8601552,32.3308248,"jewish"
"1372",34.8584332,32.3429774,"jewish"
"1373",34.858101,32.3441059,"jewish"
"1374",34.8610582,32.0541479,"jewish"
"1375",34.8510048,32.1623515,"jewish"
"1376",35.25365,31.8194151,"jewish"
"1377",34.8582614,32.3384883,"jewish"
"1378",34.8558912,32.3366475,"jewish"
"1379",35.1403135,31.7951555,"jewish"
"1380",35.1429619,31.793472,"jewish"
"1381",35.1407599,31.7939611,"jewish"
"1382",35.1401617,31.7964082,"jewish"
"1383",34.9030396,32.1606337,"jewish"
"1384",35.229115,31.787874,"christian"
"1385",34.9859047,32.8044398,"jewish"
"1386",34.8532667,32.3218929,"jewish"
"1387",34.8669283,32.3268792,"jewish"
"1388",34.865323,32.3312926,"jewish"
"1389",34.8699598,32.3324556,"jewish"
"1390",34.8680027,32.3339882,"jewish"
"1391",34.8700322,32.3341136,"jewish"
"1392",34.869739,32.334152,"jewish"
"1393",35.2406918,31.7828963,"christian"
"1394",35.2257024,31.785248,"christian"
"1395",35.2248264,31.7832267,"christian"
"1396",35.2286687,31.7852168,"muslim"
"1397",35.2344062,31.7809543,"christian"
"1398",34.8234569,32.078593,"jewish"
"1399",34.8153069,32.083472,"jewish"
"1400",35.5013151,31.8201077,"christian"
"1401",34.7865082,31.9128156,"jewish"
"1402",34.7824144,31.922801,"jewish"
"1403",34.8195826,32.1844902,"jewish"
"1404",34.8277085,31.9303362,"jewish"
"1405",35.2114279,31.7802355,"jewish"
"1406",35.330843,32.2369638,"jewish"
"1407",35.541601,31.8303701,"christian"
"1408",35.0023022,32.8167201,"muslim"
"1409",35.0689699,32.8482975,"jewish"
"1410",35.2751031,31.9500441,"jewish"
"1411",35.2602401,31.9538311,"jewish"
"1412",34.9891215,32.2136474,"jewish"
"1413",34.8521769,32.3304943,"jewish"
"1414",34.8521662,32.3301861,"jewish"
"1415",34.8527823,32.3293513,"jewish"
"1416",34.8497898,32.3294926,"jewish"
"1417",34.8522359,32.3303855,"jewish"
"1418",34.8535575,32.3307805,"jewish"
"1419",34.8198704,32.0690713,"jewish"
"1420",35.0003448,32.6918587,"muslim"
"1421",34.8167575,31.8957962,"jewish"
"1422",34.8163689,31.8923135,"jewish"
"1423",34.816996,31.9019649,"jewish"
"1424",34.8177463,31.9035228,"jewish"
"1425",34.8162771,31.899896,"jewish"
"1426",34.8175271,31.9003286,"jewish"
"1427",34.815152,31.8993889,"jewish"
"1428",34.6423273,31.7820209,"jewish"
"1429",34.6374779,31.7837263,"jewish"
"1430",34.6354898,31.7830562,"jewish"
"1431",34.6336473,31.7841838,"jewish"
"1432",34.9329625,32.0132103,"jewish"
"1433",34.9374875,32.0144885,"jewish"
"1434",35.2155105,31.7711048,"jewish"
"1435",35.2139455,31.7716536,"jewish"
"1436",35.214016,31.7716284,"jewish"
"1437",34.8084542,31.9069333,"jewish"
"1438",35.2316364,31.7836132,"muslim"
"1439",35.5433678,32.7860931,"muslim"
"1440",35.5424452,32.7888529,"christian"
"1441",34.8879122,32.1882325,"jewish"
"1442",34.8828741,32.1818569,"jewish"
"1443",34.8822503,32.1807751,"jewish"
"1444",34.8806379,32.1894606,"jewish"
"1445",34.882403,32.1754175,"jewish"
"1446",35.2180579,31.7744108,"christian"
"1447",34.744413,32.0334462,"jewish"
"1448",34.7555065,32.0550084,"muslim"
"1449",34.3519816,31.4228467,"muslim"
"1450",35.5493824,32.8734204,"christian"
"1451",35.3015925,32.7069827,"christian"
"1452",35.2960529,32.6990233,"christian"
"1453",35.5493421,32.8736601,"christian"
"1454",34.8247454,31.8907203,"jewish"
"1455",35.5487392,32.8708415,"christian"
"1456",34.8112768,31.9352141,"jewish"
"1457",35.2131066,31.2673501,"jewish"
"1458",35.4117778,31.8440757,"christian"
"1459",35.2631539,32.0697527,"jewish"
"1460",34.9319634,31.805514,"jewish"
"1461",34.9295368,31.8061329,"jewish"
"1462",35.1450635,31.6787651,"jewish"
"1463",34.980116,31.8329029,"christian"
"1464",34.9044974,31.5955185,"christian"
"1465",34.8839779,31.8589843,"jewish"
"1466",35.0162378,32.7905073,"jewish"
"1467",35.2732359,31.8501373,"jewish"
"1468",34.9850705,32.7801025,"jewish"
"1469",34.9861555,32.8280073,"christian"
"1470",34.9521113,29.563719,"jewish"
"1471",34.948295,29.5644656,"jewish"
"1472",34.9334206,29.560757,"jewish"
"1473",34.9409034,29.5546568,"jewish"
"1474",34.9367792,29.5481019,"jewish"
"1475",34.9485525,29.5620206,"jewish"
"1476",34.9341759,29.5598173,"jewish"
"1477",34.939433,29.5592937,"jewish"
"1478",34.9478873,29.5595373,"jewish"
"1479",34.9444005,29.5572322,"jewish"
"1480",34.9309658,29.5502385,"jewish"
"1481",34.9771388,31.7386984,"jewish"
"1482",34.9772943,31.738224,"jewish"
"1483",34.9803919,31.7366134,"jewish"
"1484",35.5519829,32.9020738,"christian"
"1486",34.7995313,31.89287,"jewish"
"1487",34.9792522,31.7432127,"jewish"
"1488",34.9791652,31.7428626,"jewish"
"1489",34.977128,31.7388992,"jewish"
"1490",34.979454,31.7430749,"jewish"
"1491",34.7966872,32.0476185,"jewish"
"1492",34.9987936,31.7855666,"jewish"
"1493",34.8344072,32.1126623,"jewish"
"1494",34.8951692,32.1589251,"jewish"
"1495",35.0160078,32.7906409,"jewish"
"1496",35.226707,31.7016115,"christian"
"1497",35.1166579,31.5316213,"jewish"
"1498",34.7336383,31.9293858,"muslim"
"1499",35.1118328,32.3069123,"muslim"
"1500",34.9917564,31.8357849,"muslim"
"1501",34.8657329,32.3327336,"jewish"
"1502",35.1037726,31.5512892,"muslim"
"1503",35.5268186,32.8076746,"christian"
"1504",35.3383269,32.745025,"christian"
"1505",35.3379372,32.7471399,"christian"
"1506",35.3384044,32.7474252,"christian"
"1507",35.33821,32.7473929,"christian"
"1508",35.4793449,32.8897121,"jewish"
"1509",35.4452909,33.022048,"jewish"
"1510",35.1872486,31.7150682,"christian"
"1511",35.2320012,31.78401,"muslim"
"1512",34.7848719,32.0802445,"jewish"
"1513",35.0335386,31.918368,"jewish"
"1514",35.2240079,31.7850651,"jewish"
"1515",35.2114995,31.7774974,"jewish"
"1516",35.5428194,32.7883825,"christian"
"1517",35.1996587,31.9042112,"christian"
"1518",35.1996802,31.9049308,"christian"
"1519",35.1984571,31.9026082,"christian"
"1520",35.2042507,31.8992472,"christian"
"1521",35.0916135,31.5307773,"muslim"
"1522",35.100559,31.5616057,"muslim"
"1523",35.0986258,32.6498441,"jewish"
"1524",35.0835463,32.639768,"jewish"
"1525",35.0848666,32.982112,"jewish"
"1526",34.9598434,32.8094004,"jewish"
"1527",34.9595761,32.8103309,"jewish"
"1528",34.994679,32.8176804,"christian"
"1529",34.8560407,32.3301529,"jewish"
"1530",34.5608065,31.6588146,"jewish"
"1531",35.1955891,31.5885926,"jewish"
"1532",35.1267123,31.6532159,"jewish"
"1533",35.1944656,31.7915669,"jewish"
"1534",35.2511255,31.7773993,"christian"
"1535",35.2396519,31.7716085,"christian"
"1536",35.2343271,31.7707359,"muslim"
"1537",35.2253757,31.8289752,"muslim"
"1538",35.2901353,32.2182735,"muslim"
"1539",35.1055451,32.8039082,"jewish"
"1540",35.1057322,32.8048611,"jewish"
"1541",35.1070679,32.8075914,"jewish"
"1542",35.1061942,32.8087222,"jewish"
"1543",35.1051029,32.8107976,"jewish"
"1544",35.1060535,32.8126842,"jewish"
"1545",35.1054741,32.803684,"jewish"
"1546",35.099354,32.8039644,"jewish"
"1547",35.0943574,33.0053282,"jewish"
"1548",34.8866679,32.1850664,"jewish"
"1549",34.9940879,31.7179994,"jewish"
"1550",34.8139842,31.887884,"jewish"
"1551",34.7502336,32.0158317,"jewish"
"1552",34.7948908,32.0618946,"jewish"
"1553",35.3024527,31.7926227,"jewish"
"1554",35.302324,31.7927024,"jewish"
"1555",34.800762,32.0753618,"jewish"
"1556",35.2182473,31.7857029,"muslim"
"1557",35.2311763,31.7655181,"muslim"
"1558",35.2246064,31.7780616,"christian"
"1559",35.210031,31.7701285,"jewish"
"1560",35.1646368,31.7375868,"muslim"
"1561",35.0010385,31.7090902,"jewish"
"1562",35.2146631,31.7824928,"jewish"
"1563",35.2140213,31.782279,"jewish"
"1564",35.6883968,32.798128,"jewish"
"1565",34.7610427,32.014668,"jewish"
"1566",35.2201145,31.7642568,"jewish"
"1567",35.6431336,32.7863837,"jewish"
"1568",34.7634796,32.0228375,"jewish"
"1569",35.2118303,31.7653074,"jewish"
"1570",35.2204174,31.7735288,"jewish"
"1571",35.2163851,31.765025,"jewish"
"1572",35.2131276,31.7858884,"jewish"
"1573",34.9894437,31.7144287,"jewish"
"1574",34.7634417,32.0087702,"jewish"
"1575",35.2325321,32.7509897,"jewish"
"1576",34.9824339,32.1910891,"muslim"
"1577",35.2028658,31.904656,"christian"
"1578",35.4414607,32.7217824,"muslim"
"1579",34.7678152,32.0316737,"jewish"
"1580",34.8373648,32.1134386,"jewish"
"1581",34.8374586,32.1135886,"jewish"
"1582",34.8349274,32.1082388,"jewish"
"1583",35.2285513,31.7848985,"christian"
"1584",35.0517107,32.1097448,"muslim"
"1585",35.0453807,32.1065686,"muslim"
"1586",35.1877816,31.818863,"jewish"
"1587",35.1876269,31.8190292,"jewish"
"1588",34.7968482,31.2640821,"jewish"
"1589",34.7739525,32.0198803,"jewish"
"1590",35.0158681,32.7859918,"jewish"
"1591",35.0161987,32.7918175,"jewish"
"1592",35.0164438,32.7906151,"jewish"
"1593",35.2196083,31.7535498,"jewish"
"1594",34.9932795,31.8713849,"jewish"
"1595",34.8227816,32.0743783,"jewish"
"1596",35.2965647,32.7028687,"christian"
"1597",35.2968556,32.7034589,"christian"
"1598",35.3024059,32.7057247,"christian"
"1599",34.7934684,32.0101954,"jewish"
"1600",35.0410665,32.3082182,"muslim"
"1601",34.8182139,31.9027862,"jewish"
"1602",34.8289314,31.8907899,"jewish"
"1603",35.1223751,32.7024687,"jewish"
"1604",34.767717,32.061993,"jewish"
"1605",34.7618757,32.0214123,"jewish"
"1606",34.8083503,32.0505594,"jewish"
"1607",35.0840191,32.9857199,"jewish"
"1608",35.3026928,32.4593709,"muslim"
"1609",34.5834825,31.6990734,"jewish"
"1610",35.1986914,31.8185177,"jewish"
"1611",35.2999168,32.8718251,"muslim"
"1612",34.4824469,31.5100964,"muslim"
"1613",35.5935782,32.9673121,"muslim"
"1614",35.5982315,32.9669278,"muslim"
"1615",34.9330928,32.2643079,"jewish"
"1616",34.8715819,31.9255535,"muslim"
"1617",35.2056825,32.4041192,"muslim"
"1618",35.248812,31.7701991,"muslim"
"1619",35.2467864,31.7816995,"christian"
"1620",35.580302,33.215372,"jewish"
"1621",35.2155116,31.783907,"jewish"
"1622",35.2290977,31.7903084,"muslim"
"1623",35.2386459,31.7910794,"muslim"
"1624",35.5685944,33.2200897,"jewish"
"1625",35.5713702,33.2208699,"jewish"
"1626",35.5696528,33.2190908,"jewish"
"1627",35.5764725,33.2021896,"jewish"
"1628",35.1617109,31.7829286,"jewish"
"1629",35.2405173,31.774092,"muslim"
"1630",35.2518025,31.7707234,"christian"
"1631",35.2519383,31.7760949,"christian"
"1632",35.2520329,31.7720645,"christian"
"1633",35.2483147,31.7754488,"muslim"
"1634",35.0741148,31.5384317,"muslim"
"1635",34.8532033,32.3215579,"jewish"
"1636",35.2665668,31.8116983,"muslim"
"1637",35.228006,31.78682,"christian"
"1638",35.228908,31.7856743,"christian"
"1639",35.2455607,31.8108717,"muslim"
"1640",35.2482732,31.811198,"muslim"
"1641",35.2445348,31.8118779,"muslim"
"1642",35.2435142,31.8130803,"muslim"
"1643",35.2451557,31.8148101,"muslim"
"1644",35.2283108,31.7870562,"christian"
"1645",34.7587134,32.0243302,"jewish"
"1646",34.7713659,32.0262026,"jewish"
"1647",34.9137149,32.5397514,"muslim"
"1648",35.3015227,32.4623997,"muslim"
"1649",35.3236841,32.3864418,"christian"
"1650",34.7931869,31.9632226,"jewish"
"1651",34.8096296,32.1596631,"jewish"
"1652",35.4223189,31.8494524,"christian"
"1653",35.1935983,31.7907428,"jewish"
"1654",35.2339411,31.7803402,"christian"
"1655",35.2340275,31.7803795,"christian"
"1656",35.2321669,31.7799115,"christian"
"1657",35.2303719,31.7786112,"christian"
"1658",35.2324281,31.7795159,"christian"
"1659",35.2315539,31.7793554,"christian"
"1660",35.2306983,31.7792248,"christian"
"1661",35.2299044,31.7782979,"christian"
"1662",35.229972,31.7783147,"christian"
"1663",35.2299621,31.7783987,"christian"
"1664",35.2299591,31.7783588,"christian"
"1665",35.2295417,31.7784763,"christian"
"1666",35.2958376,32.6977505,"christian"
"1667",35.0810989,31.74462,"muslim"
"1668",34.8128479,32.0612507,"jewish"
"1669",35.1696304,32.1049831,"jewish"
"1670",35.1863232,32.1084654,"jewish"
"1671",34.4898511,31.5365339,"muslim"
"1672",35.254201,32.4568127,"muslim"
"1673",35.229162,31.7747995,"christian"
"1674",35.2306712,31.7759787,"christian"
"1675",35.230472,31.778461,"christian"
"1676",35.2302544,31.7785238,"christian"
"1677",35.230401,31.7785198,"christian"
"1678",35.2299885,31.7786132,"christian"
"1679",35.2299926,31.778435,"christian"
"1680",35.2294135,31.7784614,"christian"
"1681",35.2294416,31.7784096,"christian"
"1682",35.2299344,31.7783627,"christian"
"1683",35.2295101,31.7786426,"christian"
"1684",35.2307829,31.7761654,"christian"
"1685",35.2421431,31.7784971,"christian"
"1686",34.7685901,32.0572421,"jewish"
"1687",34.7696627,32.0563616,"jewish"
"1688",35.0535953,32.0627968,"jewish"
"1689",35.5464968,31.8370932,"christian"
"1690",34.9430741,32.5663686,"jewish"
"1691",35.190643,31.7817021,"jewish"
"1692",35.234035,31.7785784,"jewish"
"1693",34.9512029,32.5822125,"jewish"
"1694",34.260616,31.2263201,"muslim"
"1695",34.79068,32.0184775,"jewish"
"1696",34.7908731,32.0185412,"jewish"
"1697",34.792697,32.0214794,"jewish"
"1698",34.7777598,32.0189892,"jewish"
"1699",34.7745528,32.0180773,"jewish"
"1700",35.2299334,31.7786524,"christian"
"1701",35.2298329,31.7784924,"christian"
"1702",35.2298752,31.778419,"christian"
"1703",35.2297388,31.778365,"christian"
"1704",35.2298735,31.778375,"christian"
"1705",35.2298777,31.7783334,"christian"
"1706",34.7776503,32.0242327,"jewish"
"1707",34.7661007,32.0246418,"jewish"
"1708",34.7680319,32.0227225,"jewish"
"1709",34.7679461,32.0240733,"jewish"
"1710",34.7688795,32.0242507,"jewish"
"1711",34.7682358,32.0273843,"jewish"
"1712",35.0556734,31.5039058,"muslim"
"1713",35.1075526,31.807958,"christian"
"1714",34.9211519,32.5062933,"jewish"
"1715",34.3389295,31.3977388,"muslim"
"1716",34.3374163,31.4015892,"muslim"
"1717",35.0824513,32.8218789,"jewish"
"1718",34.91419,32.303187,"jewish"
"1719",34.9147037,32.3027133,"jewish"
"1720",35.1417192,31.728864,"muslim"
"1721",35.1361714,31.7275582,"muslim"
"1722",35.1389256,31.7269404,"muslim"
"1723",35.2463537,32.353554,"muslim"
"1724",35.3535482,32.9081924,"muslim"
"1725",34.8058374,31.9317896,"jewish"
"1726",35.2295055,31.7845031,"christian"
"1727",34.4916924,31.5202653,"muslim"
"1728",34.93077,30.9886469,"jewish"
"1729",34.9231515,32.0511503,"jewish"
"1730",35.2468273,31.7434575,"muslim"
"1731",35.2457552,31.7518312,"muslim"
"1732",35.1706901,31.753542,"jewish"
"1733",35.1669263,31.7568245,"jewish"
"1734",35.167794,31.7552719,"jewish"
"1735",34.8562647,31.9301781,"jewish"
"1736",34.8552618,31.9301419,"jewish"
"1737",35.0282264,31.4409643,"jewish"
"1738",35.172092,31.7543732,"jewish"
"1739",34.243311,31.2737323,"muslim"
"1740",34.2462722,31.275235,"muslim"
"1741",35.0512776,32.1280201,"muslim"
"1742",35.0468734,32.128647,"muslim"
"1743",35.0471416,32.1290013,"muslim"
"1744",35.2585291,31.7615613,"muslim"
"1745",35.0627426,32.7210574,"christian"
"1746",35.2021354,31.7056772,"christian"
"1747",35.1035913,31.7070004,"muslim"
"1748",35.0900403,31.5342474,"muslim"
"1749",34.5593266,31.6604053,"muslim"
"1750",34.9502897,32.5207539,"jewish"
"1751",35.0677285,31.3987753,"muslim"
"1752",35.0671759,31.4006292,"muslim"
"1753",34.8728798,31.9335182,"jewish"
"1754",34.8675928,31.9230029,"jewish"
"1755",34.8711441,31.9250518,"muslim"
"1756",34.8672656,31.9196336,"jewish"
"1757",35.1717259,32.0475305,"muslim"
"1758",35.156841,31.7435093,"christian"
"1759",35.2307205,31.7775397,"christian"
"1760",34.933044,30.9903897,"jewish"
"1761",34.8742849,32.2738116,"jewish"
"1762",34.8064461,31.2515387,"jewish"
"1763",35.1642259,32.0488322,"muslim"
"1764",35.1751048,31.7596856,"jewish"
"1765",35.1752309,31.7596445,"jewish"
"1766",35.4227068,32.6837188,"jewish"
"1767",34.6581793,31.8068801,"jewish"
"1768",34.5946876,31.4278781,"jewish"
"1769",34.5944166,31.4278366,"jewish"
"1770",35.5227215,32.8020131,"jewish"
"1771",34.8438917,32.0294263,"jewish"
"1772",35.0044658,32.5960077,"jewish"
"1773",35.0688344,32.6339853,"jewish"
"1774",35.0683764,32.6333889,"jewish"
"1775",35.4982164,32.489965,"jewish"
"1776",35.5414389,32.7823673,"jewish"
"1777",34.8432649,32.1496205,"jewish"
"1778",35.2429976,32.6977023,"christian"
"1779",35.2428635,32.6969364,"christian"
"1780",35.2754878,32.348825,"muslim"
"1781",35.2785455,32.3500395,"muslim"
"1782",35.270692,32.3505018,"muslim"
"1783",35.2724193,32.3480818,"muslim"
"1784",35.2726983,32.3470485,"muslim"
"1785",35.2613178,32.3496957,"muslim"
"1786",35.2722934,32.3459795,"muslim"
"1787",35.034882,31.0639213,"jewish"
"1788",35.2035449,31.7112888,"christian"
"1789",34.7781423,32.055038,"christian"
"1790",35.0436444,31.5285716,"muslim"
"1791",35.3496218,32.6305408,"muslim"
"1792",35.0970446,31.5480048,"muslim"
"1793",34.8047623,31.2505587,"jewish"
"1794",34.8039007,31.2510628,"jewish"
"1795",35.1580628,32.7999507,"jewish"
"1796",34.9997784,31.9124907,"jewish"
"1797",35.229655,31.7764466,"christian"
"1798",34.9596696,32.2022487,"jewish"
"1799",34.8876753,32.1520829,"jewish"
"1800",35.1880773,32.3182182,"muslim"
"1801",35.1851442,32.3170791,"muslim"
"1802",34.8873052,32.0914947,"jewish"
"1803",34.4644579,31.5187321,"muslim"
"1804",35.0263703,31.5080737,"muslim"
"1805",34.7391295,31.7296317,"jewish"
"1806",35.2041184,31.2598268,"jewish"
"1807",34.851401,32.1306465,"jewish"
"1808",34.8545328,32.1336335,"jewish"
"1809",35.4918186,32.9696989,"jewish"
"1810",35.2606631,32.2256719,"muslim"
"1811",35.2600445,32.2269328,"muslim"
"1812",34.944694,32.0038136,"jewish"
"1813",34.9468316,31.9971921,"jewish"
"1814",34.9397084,32.6836814,"jewish"
"1815",34.9428092,32.6914084,"jewish"
"1816",35.1448544,33.0724439,"jewish"
"1817",35.5420828,32.9820854,"jewish"
"1818",35.5447404,32.9800935,"jewish"
"1819",35.5455525,32.9830205,"jewish"
"1820",34.9511268,32.2712816,"jewish"
"1821",34.9125624,32.2822174,"jewish"
"1822",34.9120634,32.2694772,"jewish"
"1823",35.214545,31.784049,"christian"
"1824",35.0825497,32.4337541,"muslim"
"1825",35.2628426,32.4499215,"muslim"
"1826",35.2582756,32.4512491,"muslim"
"1827",35.185934,31.701178,"muslim"
"1828",34.9671079,32.1945866,"muslim"
"1829",35.1795873,31.6974231,"muslim"
"1830",34.3124295,31.3514888,"muslim"
"1831",35.1111702,32.6588874,"jewish"
"1832",35.1094552,32.6600045,"jewish"
"1833",34.6208483,31.3068218,"jewish"
"1834",35.4922752,32.5067785,"jewish"
"1835",35.2323575,31.7799001,"christian"
"1836",35.0685763,32.0180639,"christian"
"1837",35.5190463,33.0054052,"jewish"
"1838",34.7676911,31.3905546,"muslim"
"1839",35.0668952,32.0198232,"christian"
"1840",35.0622446,31.4012917,"muslim"
"1841",34.6302658,31.7678547,"jewish"
"1842",34.6269341,31.7694654,"jewish"
"1843",34.6245499,31.7707268,"jewish"
"1844",35.3012295,32.3362333,"muslim"
"1845",35.2293367,31.8143878,"muslim"
"1846",35.2265521,31.8134227,"muslim"
"1847",35.3367518,32.9774401,"christian"
"1848",35.3360276,32.9784797,"christian"
"1849",35.3358875,32.9770334,"jewish"
"1850",35.3375102,32.9769018,"jewish"
"1851",35.7833546,32.832174,"jewish"
"1852",35.7899695,32.8453633,"jewish"
"1853",35.1903827,32.4606298,"muslim"
"1854",35.1829246,31.8964743,"muslim"
"1855",35.1701246,31.8969866,"muslim"
"1856",35.2279711,31.8280414,"muslim"
"1857",35.1571945,31.5231742,"muslim"
"1858",35.0700429,32.017644,"christian"
"1859",35.0662359,32.0145499,"christian"
"1860",35.0672427,32.0161027,"christian"
"1861",35.0677917,32.015417,"christian"
"1862",35.0845632,32.0100269,"christian"
"1863",35.1717444,31.889,"muslim"
"1864",35.1146978,32.0031637,"muslim"
"1865",35.2294615,31.7793969,"christian"
"1866",35.2294686,31.779489,"christian"
"1867",35.2297872,31.778303,"christian"
"1868",35.2331954,31.7681915,"christian"
"1869",35.2289587,31.7778397,"christian"
"1870",35.0308455,32.3257773,"muslim"
"1871",35.0509908,31.4501493,"muslim"
"1872",35.2278696,31.7776638,"christian"
"1873",35.2996073,32.2276393,"muslim"
"1874",35.2976251,32.2227654,"muslim"
"1875",35.2999684,32.0533016,"jewish"
"1876",35.2977893,32.0555061,"jewish"
"1877",35.2980838,32.053317,"jewish"
"1878",35.263866,32.224363,"muslim"
"1879",35.2449209,32.2346895,"muslim"
"1880",35.1694669,32.4454358,"muslim"
"1881",34.885238,32.0890558,"jewish"
"1882",35.0704854,31.4107241,"muslim"
"1883",35.0647777,31.4089843,"muslim"
"1884",34.884948,32.0889394,"jewish"
"1885",34.8844479,32.0891162,"jewish"
"1886",35.2568325,32.2206559,"muslim"
"1887",34.3008453,31.3508374,"muslim"
"1888",34.5144555,31.5295021,"muslim"
"1889",34.8871489,32.0883181,"jewish"
"1890",34.8865111,32.0903995,"jewish"
"1891",34.7712588,32.0471945,"christian"
"1892",35.3005095,32.4610972,"muslim"
"1893",34.8842239,32.0882254,"jewish"
"1894",34.9225291,32.5066019,"jewish"
"1895",35.1926971,32.3022226,"muslim"
"1896",35.3455226,32.2919802,"muslim"
"1897",35.2390561,31.8803929,"jewish"
"1898",34.9941005,32.8092814,"jewish"
"1899",35.2247304,31.7804389,"jewish"
"1900",34.9483042,31.9970542,"jewish"
"1901",35.2854522,33.0116885,"jewish"
"1902",35.2367299,31.7808386,"christian"
"1903",35.2474745,31.7787867,"christian"
"1904",34.3856584,31.4223668,"muslim"
"1905",35.8110091,32.9985752,"muslim"
"1906",34.8985606,32.0713492,"jewish"
"1907",35.1803715,31.9591012,"muslim"
"1908",35.0377837,31.0727555,"jewish"
"1909",35.1409261,31.6391307,"jewish"
"1910",35.3240068,32.981425,"jewish"
"1911",35.2304935,31.7920426,"jewish"
"1912",35.0005209,32.8011419,"jewish"
"1913",35.2236824,31.6108829,"muslim"
"1914",35.2003281,31.9694723,"christian"
"1915",35.2014379,31.9699575,"christian"
"1916",34.8818069,32.087146,"jewish"
"1917",34.9166364,32.512268,"jewish"
"1918",34.9162957,32.50682,"jewish"
"1919",35.024206,32.3145387,"muslim"
"1920",35.199522,31.2517206,"jewish"
"1921",34.4913539,31.5555192,"muslim"
"1922",34.4723565,31.5129117,"muslim"
"1923",34.9935889,32.5321422,"jewish"
"1924",35.0073412,32.5155125,"jewish"
"1925",34.9349447,32.2745786,"jewish"
"1926",34.9356635,32.2732089,"jewish"
"1927",35.4493318,31.8375296,"muslim"
"1928",35.0395215,32.3062807,"muslim"
"1929",35.1857604,31.4287125,"muslim"
"1930",34.9139436,32.431182,"jewish"
"1931",35.0613445,31.6526112,"muslim"
"1932",35.2040997,31.7049598,"christian"
"1933",35.2327124,32.4775721,"muslim"
"1934",35.4564391,31.8551462,"muslim"
"1935",35.0611905,32.410941,"muslim"
"1936",34.7763078,32.0715156,"jewish"
"1937",34.9677832,32.7671912,"jewish"
"1938",35.0760211,32.4375613,"muslim"
"1939",35.078069,32.4330951,"muslim"
"1940",35.4490902,31.8743094,"jewish"
"1941",35.1935159,32.8214997,"christian"
"1942",35.1927958,32.822124,"christian"
"1943",35.0768787,32.9243849,"jewish"
"1944",35.0995961,32.0693882,"muslim"
"1945",35.1068577,32.0828604,"muslim"
"1946",35.099532,32.0769539,"muslim"
"1947",34.2887807,31.2806566,"muslim"
"1948",34.4967895,31.5369085,"muslim"
"1949",35.1848493,32.3204645,"muslim"
"1950",35.1620094,32.3269238,"muslim"
"1951",35.1594748,32.3255215,"muslim"
"1952",34.9721741,32.1880044,"muslim"
"1953",35.0286782,32.3123924,"muslim"
"1954",34.9741722,32.1828142,"muslim"
"1955",34.9733667,32.1805239,"muslim"
"1956",34.3848301,31.4247823,"muslim"
"1957",35.2301239,32.3363162,"muslim"
"1958",35.0311735,32.3045338,"muslim"
"1959",34.9746601,31.5507347,"muslim"
"1960",34.4539463,31.5067584,"muslim"
"1961",35.2167005,31.8084404,"jewish"
"1962",35.2419482,32.22885,"muslim"
"1963",34.452234,31.5239183,"christian"
"1964",35.1344057,31.8403407,"christian"
"1965",35.2837184,32.1931515,"muslim"
"1966",35.2869627,32.2079743,"muslim"
"1967",35.4156875,33.049671,"jewish"
"1968",35.4145855,33.0442427,"jewish"
"1969",34.8847309,32.0886454,"jewish"
"1970",34.4386523,31.5264609,"muslim"
"1971",35.1753624,31.6993604,"muslim"
"1972",34.8819856,32.2968761,"jewish"
"1973",34.4089165,31.3289642,"jewish"
"1974",35.2005652,31.7890184,"jewish"
"1975",35.1980198,31.7873569,"jewish"
"1976",35.2068068,31.9362628,"muslim"
"1977",34.882244,32.0859728,"jewish"
"1978",35.2286905,31.7710602,"jewish"
"1979",35.229362,31.7716954,"jewish"
"1980",35.2294085,31.7712256,"jewish"
"1981",35.2316329,31.7747426,"jewish"
"1982",35.2314444,31.7746791,"jewish"
"1983",35.2314937,31.7745967,"jewish"
"1984",35.2316023,31.7746491,"jewish"
"1985",35.234264,31.7766928,"jewish"
"1986",35.234264,31.7765126,"jewish"
"1987",35.2343675,31.7760433,"jewish"
"1988",35.2690075,32.2182569,"muslim"
"1989",35.0668504,31.9976067,"muslim"
"1990",35.0632882,31.9944218,"muslim"
"1991",34.4652025,31.5352894,"muslim"
"1992",35.0632436,31.9993526,"muslim"
"1993",35.2612097,32.2109482,"muslim"
"1994",35.2640941,32.0340758,"muslim"
"1995",35.2489819,31.9113757,"jewish"
"1996",35.23157,31.7749205,"jewish"
"1997",34.4767455,31.4973372,"muslim"
"1998",34.8057213,32.187851,"muslim"
"1999",35.1716067,32.3560487,"muslim"
"2000",34.4698733,31.5407333,"muslim"
"2001",35.2307674,32.1858782,"muslim"
"2002",35.105761,31.4614988,"muslim"
"2003",35.1728522,32.7816114,"jewish"
"2004",35.0059559,31.9737691,"muslim"
"2005",35.4557536,31.8553317,"christian"
"2006",34.2588058,31.2671364,"muslim"
"2007",34.2680272,31.2580868,"muslim"
"2008",35.6211006,33.2227464,"jewish"
"2009",35.2229094,31.7808347,"christian"
"2010",35.343545,32.2946827,"muslim"
"2011",35.3433545,32.2923379,"muslim"
"2012",35.3431507,32.2918527,"muslim"
"2013",35.3453984,32.290914,"muslim"
"2014",34.3227882,31.3439639,"muslim"
"2015",35.5708433,33.2130728,"jewish"
"2016",34.3699532,31.3921556,"muslim"
"2017",34.4797381,31.5616277,"muslim"
"2018",34.4587435,31.4948265,"muslim"
"2019",35.1716892,31.8486186,"jewish"
"2020",35.3478327,31.9616107,"jewish"
"2021",35.3469931,31.9596566,"jewish"
"2022",35.349544,31.9574542,"jewish"
"2023",34.2426319,31.3170726,"muslim"
"2024",34.4663835,31.5385359,"muslim"
"2025",34.3099178,31.3077159,"muslim"
"2026",34.3091959,31.3059024,"muslim"
"2027",34.4696512,31.5365867,"muslim"
"2028",34.9684085,31.5661156,"muslim"
"2029",35.0736561,31.9981738,"muslim"
"2030",34.7960929,32.0124355,"jewish"
"2031",34.8135061,31.3666436,"jewish"
"2032",34.9102941,32.3798267,"jewish"
"2033",34.9104698,32.3921464,"jewish"
"2034",35.3777435,32.3338917,"muslim"
"2035",35.3701294,32.3226024,"muslim"
"2036",34.7958854,31.2605308,"jewish"
"2037",34.7965307,31.2603392,"jewish"
"2038",34.9332789,32.0147793,"jewish"
"2039",34.8915164,31.3304979,"jewish"
"2040",34.9780436,31.4152203,"muslim"
"2041",34.9806258,31.4145531,"muslim"
"2042",35.088896,31.439121,"muslim"
"2043",34.9749367,31.40955,"muslim"
"2044",34.9755892,31.4128511,"muslim"
"2045",34.9841014,31.4173713,"muslim"
"2046",34.9008439,32.3505417,"jewish"
"2047",34.4351101,31.5200544,"muslim"
"2048",34.4350559,31.5201229,"muslim"
"2049",35.107325,31.5442442,"muslim"
"2050",34.7760625,31.8926565,"jewish"
"2051",35.1914938,32.3216023,"muslim"
"2052",35.0268377,31.6106603,"muslim"
"2053",35.2076807,31.7043016,"christian"
"2054",35.2075928,31.7042822,"christian"
"2055",35.2214716,32.1390159,"muslim"
"2056",35.1470693,32.7476852,"muslim"
"2057",34.9186226,32.0778332,"jewish"
"2058",34.9152416,32.0806326,"jewish"
"2059",35.2950089,32.4617295,"muslim"
"2060",35.0791789,32.1110792,"muslim"
"2061",34.4407799,31.5083596,"muslim"
"2062",35.3134512,32.8596393,"muslim"
"2063",35.0447662,32.0935141,"muslim"
"2064",34.3071438,31.3468115,"muslim"
"2065",35.2809823,32.904997,"jewish"
"2066",35.2969512,32.863433,"muslim"
"2067",35.1815692,32.8266648,"muslim"
"2068",35.1881656,32.8258927,"muslim"
"2069",35.198357,32.8589982,"muslim"
"2070",35.1647597,32.7013432,"jewish"
"2071",35.1682233,32.7046176,"jewish"
"2072",35.0445026,32.4135853,"muslim"
"2073",34.9551873,32.5977785,"muslim"
"2074",34.9539056,32.602688,"muslim"
"2075",35.1360034,32.7689215,"muslim"
"2076",34.4883528,31.5236529,"muslim"
"2077",34.2988027,31.3448494,"muslim"
"2078",34.2949912,31.3493764,"muslim"
"2079",34.3103685,31.3342163,"muslim"
"2080",34.4742798,31.503509,"muslim"
"2081",34.4733234,31.5132589,"muslim"
"2082",34.4744099,31.5175099,"muslim"
"2083",34.4625617,31.504092,"muslim"
"2084",34.5028719,31.5313002,"muslim"
"2085",34.4748853,31.5400487,"muslim"
"2086",34.4773441,31.4919841,"muslim"
"2087",34.4036987,31.4736691,"muslim"
"2088",34.3771699,31.4340554,"muslim"
"2089",34.4351496,31.5200774,"muslim"
"2090",34.3656286,31.4246727,"muslim"
"2091",34.5361673,31.5415805,"muslim"
"2092",34.5429782,31.5339871,"muslim"
"2093",34.5038248,31.5509625,"muslim"
"2094",34.4650621,31.4935961,"muslim"
"2095",34.4844323,31.5051356,"muslim"
"2096",34.4677668,31.5104128,"muslim"
"2097",34.2890298,31.3458559,"muslim"
"2098",34.287214,31.3491167,"muslim"
"2099",34.3004038,31.3556531,"muslim"
"2100",34.2332842,31.3195632,"muslim"
"2101",34.2370212,31.3161033,"muslim"
"2102",34.4760549,31.5141979,"muslim"
"2103",34.3227092,31.3437069,"muslim"
"2104",34.4659454,31.5126448,"muslim"
"2105",34.296857,31.3428718,"muslim"
"2106",34.2941672,31.3604198,"muslim"
"2107",34.4706476,31.5000419,"muslim"
"2108",35.0926757,32.7514824,"jewish"
"2109",34.5575541,31.6784399,"jewish"
"2110",34.9768487,31.5584446,"muslim"
"2111",34.9816513,31.5599134,"muslim"
"2112",34.9737016,31.5571903,"muslim"
"2113",35.1347226,31.3834087,"jewish"
"2114",34.6771934,31.3247169,"jewish"
"2115",35.5015634,32.9685363,"jewish"
"2116",35.2228777,31.9446595,"jewish"
"2117",35.0886065,31.5156454,"muslim"
"2118",35.8066361,32.8440533,"jewish"
"2119",35.1648278,32.9554017,"christian"
"2120",34.7629563,32.0404246,"jewish"
"2121",35.2543737,32.2205266,"muslim"
"2122",35.2220167,31.9413787,"jewish"
"2123",34.9622991,32.8223974,"jewish"
"2124",34.7472605,31.3994167,"muslim"
"2125",35.2098935,31.7807989,"jewish"
"2126",35.2094724,31.7802895,"jewish"
"2127",35.208944,31.7819121,"jewish"
"2128",35.2115692,31.7819959,"jewish"
"2129",35.2036361,32.3206234,"muslim"
"2130",35.1995306,32.3190227,"muslim"
"2131",35.2012356,32.3220101,"muslim"
"2132",35.2217224,31.9354366,"jewish"
"2133",35.2231754,31.9465956,"jewish"
"2134",35.0852611,32.0645241,"muslim"
"2135",34.4474779,31.5085778,"muslim"
"2136",35.2108393,31.7824429,"jewish"
"2137",34.507865,31.5472606,"muslim"
"2138",34.3049698,31.3394686,"muslim"
"2139",35.2485203,32.2260452,"muslim"
"2140",35.1244617,32.7058784,"jewish"
"2141",34.8378251,32.0737708,"jewish"
"2142",34.8418558,32.0723048,"jewish"
"2143",34.8415939,32.0719779,"jewish"
"2144",34.8348101,32.0834453,"jewish"
"2145",34.8575977,31.9853797,"jewish"
"2146",34.9428115,32.5663037,"jewish"
"2147",34.8534699,32.3314629,"jewish"
"2148",34.8533503,32.3313956,"jewish"
"2149",34.4818577,31.5310903,"muslim"
"2150",35.191853,32.6464103,"jewish"
"2151",35.2042574,31.7029427,"christian"
"2152",35.1042812,31.54532,"muslim"
"2153",34.2653774,31.3057455,"muslim"
"2154",35.0465231,32.0196028,"jewish"
"2155",35.0471561,32.0195528,"jewish"
"2156",35.2308489,31.7792999,"christian"
"2157",35.2294502,31.7781155,"christian"
"2158",35.2297157,31.7781143,"christian"
"2159",35.229705,31.778177,"christian"
"2160",35.2297063,31.778234,"christian"
"2161",34.9061049,32.5350417,"muslim"
"2162",35.3662758,32.0816742,"muslim"
"2163",35.0289067,32.3238273,"muslim"
"2164",34.4333392,31.523078,"muslim"
"2165",34.4061895,31.4492791,"muslim"
"2166",34.3905028,31.4543282,"muslim"
"2167",35.209347,31.7794265,"jewish"
"2168",35.2109228,31.7845885,"jewish"
"2169",35.2106425,31.7838316,"jewish"
"2170",34.6893817,31.8201808,"jewish"
"2171",34.4705854,31.5069807,"muslim"
"2172",35.0564357,32.330898,"muslim"
"2173",35.2305155,31.7808656,"muslim"
"2174",35.2763939,33.0767555,"christian"
"2175",35.0327317,32.3205899,"muslim"
"2176",35.2366975,31.7768933,"muslim"
"2177",35.05397,32.3161472,"muslim"
"2178",35.2307383,31.7816414,"muslim"
"2179",35.1120494,31.5191214,"muslim"
"2180",35.2075048,31.7048193,"christian"
"2181",35.2460549,31.7805722,"muslim"
"2182",35.3378691,32.7484175,"christian"
"2183",35.0038724,32.8126721,"muslim"
"2184",35.3212528,32.7037394,"christian"
"2185",35.3188142,32.7065649,"jewish"
"2186",35.2442221,31.7792383,"christian"
"2187",35.1719901,32.0759015,"muslim"
"2188",35.2343379,31.78213,"muslim"
"2189",35.5463839,31.8369517,"christian"
"2190",35.2153355,31.686091,"muslim"
"2191",35.2318135,31.7800898,"muslim"
"2192",35.245271,32.2387297,"muslim"
"2193",34.8608517,31.2471012,"muslim"
"2194",35.0045487,32.600604,"jewish"
"2195",35.0661688,32.6336003,"jewish"
"2196",35.248451,31.6632775,"muslim"
"2197",35.248451,31.6632775,"muslim"
"2198",35.0294539,31.6230853,"muslim"
"2199",35.19694,31.7083017,"christian"
"2200",35.0955559,31.5439997,"muslim"
"2201",35.0332342,31.6162177,"muslim"
"2202",34.4797145,31.4996689,"muslim"
"2203",35.4918376,32.9687877,"jewish"
"2204",35.4905709,32.9681592,"jewish"
"2205",35.4919257,32.9682783,"jewish"
"2206",34.4829666,31.4974293,"muslim"
"2207",35.1560695,31.5695617,"muslim"
"2208",35.1979897,31.7012212,"muslim"
"2209",35.2053103,31.7538665,"jewish"
"2210",35.0631922,31.3942899,"muslim"
"2211",35.2408478,31.7784232,"christian"
"2212",35.0005513,32.8175854,"christian"
"2213",34.4636951,31.5319702,"muslim"
"2214",35.0923364,31.4464931,"muslim"
"2215",35.0966,31.4917961,"muslim"
"2216",35.1055439,31.4294627,"muslim"
"2217",34.8540764,32.1331496,"jewish"
"2218",35.1379119,32.7351213,"muslim"
"2219",35.2448452,31.7780444,"christian"
"2220",35.2136429,31.7835748,"jewish"
"2221",34.4459022,31.5156367,"muslim"
"2222",34.4620777,31.5354026,"muslim"
"2223",35.1980235,31.7017927,"muslim"
"2224",34.9128806,32.2712171,"jewish"
"2225",35.2174618,31.8899032,"muslim"
"2226",35.2263334,31.7951807,"jewish"
"2227",35.1062603,31.5268521,"muslim"
"2228",34.8423695,32.0458166,"jewish"
"2229",35.2165448,31.6359526,"muslim"
"2230",35.2822265,31.911708,"muslim"
"2231",34.8596422,32.1336691,"jewish"
"2232",34.8400724,32.1434082,"jewish"
"2233",35.0014447,32.7791051,"jewish"
"2234",35.2174781,31.7913176,"jewish"
"2235",34.7885284,32.0911328,"jewish"
"2236",35.101714,31.5244347,"jewish"
"2237",34.8035004,30.6068518,"jewish"
"2238",35.1847747,32.2624599,"jewish"
"2239",35.2445082,31.7791532,"christian"
"2240",34.688658,31.7026754,"jewish"
"2241",34.4059285,31.4481191,"muslim"
"2242",35.2288943,31.774485,"christian"
"2243",35.2289228,31.7746456,"christian"
"2244",34.7941552,32.0843712,"jewish"
"2245",34.7899453,32.0889309,"jewish"
"2246",35.5153462,32.8266978,"christian"
"2247",35.2290689,31.7721408,"christian"
